"STATION","NAME","DATE","DX32","DX70","DX90","SNOW","TAVG","TMAX","TMIN"
"USW00013957","SHREVEPORT REGIONAL AIRPORT, LA US","1939-07","0","31","31","0.0","86.0","98.1","73.8"
"USW00013957","SHREVEPORT REGIONAL AIRPORT, LA US","1939-08","0","31","31","0.0","84.8","96.7","73.0"
"USW00013957","SHREVEPORT REGIONAL AIRPORT, LA US","1939-09","0","30","28","0.0","82.2","95.6","68.8"
"USW00013957","SHREVEPORT REGIONAL AIRPORT, LA US","1939-10","0","27","8","0.0","68.0","82.0","54.0"
"USW00013957","SHREVEPORT REGIONAL AIRPORT, LA US","1939-11","0","8","0","0.0","53.1","64.2","42.0"
"USW00013957","SHREVEPORT REGIONAL AIRPORT, LA US","1939-12","0","11","0","0.0","52.5","63.2","41.9"
"USW00013957","SHREVEPORT REGIONAL AIRPORT, LA US","1940-01","4","1","0","0.0","35.3","44.5","26.0"
"USW00013957","SHREVEPORT REGIONAL AIRPORT, LA US","1940-02","0","5","0","0.0","48.1","57.5","38.7"
"USW00013957","SHREVEPORT REGIONAL AIRPORT, LA US","1940-03","0","19","0","0.0","58.1","70.1","46.2"
"USW00013957","SHREVEPORT REGIONAL AIRPORT, LA US","1940-04","0","21","0","0.0","64.2","74.7","53.7"
"USW00013957","SHREVEPORT REGIONAL AIRPORT, LA US","1940-05","0","30","1","0.0","70.8","81.4","60.2"
"USW00013957","SHREVEPORT REGIONAL AIRPORT, LA US","1940-06","0","30","15","0.0","78.2","87.5","68.9"
"USW00013957","SHREVEPORT REGIONAL AIRPORT, LA US","1940-07","0","31","19","0.0","81.6","90.6","72.6"
"USW00013957","SHREVEPORT REGIONAL AIRPORT, LA US","1940-08","0","31","19","0.0","79.7","89.3","70.1"
"USW00013957","SHREVEPORT REGIONAL AIRPORT, LA US","1940-09","0","30","14","0.0","73.8","85.8","61.8"
"USW00013957","SHREVEPORT REGIONAL AIRPORT, LA US","1940-10","0","29","0","0.0","68.3","82.2","54.4"
"USW00013957","SHREVEPORT REGIONAL AIRPORT, LA US","1940-11","0","13","0","0.0","55.0","64.8","45.2"
"USW00013957","SHREVEPORT REGIONAL AIRPORT, LA US","1940-12","0","5","0","0.0","52.5","62.1","42.9"
"USW00013957","SHREVEPORT REGIONAL AIRPORT, LA US","1941-01","0","1","0","0.0","50.0","59.3","40.6"
"USW00013957","SHREVEPORT REGIONAL AIRPORT, LA US","1941-02","0","1","0","0.0","46.6","55.1","38.1"
"USW00013957","SHREVEPORT REGIONAL AIRPORT, LA US","1941-03","0","8","0","0.0","52.5","61.4","43.6"
"USW00013957","SHREVEPORT REGIONAL AIRPORT, LA US","1941-04","0","26","0","0.0","67.1","76.9","57.2"
"USW00013957","SHREVEPORT REGIONAL AIRPORT, LA US","1941-05","0","31","6","0.0","74.7","84.1","65.2"
"USW00013957","SHREVEPORT REGIONAL AIRPORT, LA US","1941-06","0","30","18","0.0","79.6","89.1","70.0"
"USW00013957","SHREVEPORT REGIONAL AIRPORT, LA US","1941-07","0","31","26","0.0","83.8","93.8","73.8"
"USW00013957","SHREVEPORT REGIONAL AIRPORT, LA US","1941-08","0","31","29","0.0","85.0","95.2","74.7"
"USW00013957","SHREVEPORT REGIONAL AIRPORT, LA US","1941-09","0","30","18","0.0","79.8","89.9","69.7"
"USW00013957","SHREVEPORT REGIONAL AIRPORT, LA US","1941-10","0","27","8","0.0","73.1","82.7","63.4"
"USW00013957","SHREVEPORT REGIONAL AIRPORT, LA US","1941-11","0","10","0","0.0","53.5","65.0","42.1"
"USW00013957","SHREVEPORT REGIONAL AIRPORT, LA US","1941-12","0","4","0","0.0","50.5","59.9","41.0"
"USW00013957","SHREVEPORT REGIONAL AIRPORT, LA US","1942-01","4","5","0","0.0","44.9","56.0","33.8"
"USW00013957","SHREVEPORT REGIONAL AIRPORT, LA US","1942-02","0","3","0","0.0","47.3","56.4","38.3"
"USW00013957","SHREVEPORT REGIONAL AIRPORT, LA US","1942-03","0","16","0","0.0","57.2","68.1","46.3"
"USW00013957","SHREVEPORT REGIONAL AIRPORT, LA US","1942-04","0","24","0","0.0","67.2","77.0","57.3"
"USW00013957","SHREVEPORT REGIONAL AIRPORT, LA US","1942-05","0","29","6","0.0","72.6","82.2","63.0"
"USW00013957","SHREVEPORT REGIONAL AIRPORT, LA US","1942-06","0","30","20","0.0","81.3","90.9","71.7"
"USW00013957","SHREVEPORT REGIONAL AIRPORT, LA US","1942-07","0","31","26","0.0","83.9","94.5","73.3"
"USW00013957","SHREVEPORT REGIONAL AIRPORT, LA US","1942-08","0","31","20","0.0","82.6","91.5","73.8"
"USW00013957","SHREVEPORT REGIONAL AIRPORT, LA US","1942-09","0","28","9","0.0","74.8","84.6","65.0"
"USW00013957","SHREVEPORT REGIONAL AIRPORT, LA US","1942-10","0","28","0","0.0","66.8","79.4","54.3"
"USW00013957","SHREVEPORT REGIONAL AIRPORT, LA US","1942-11","0","20","0","0.0","60.6","71.8","49.3"
"USW00013957","SHREVEPORT REGIONAL AIRPORT, LA US","1942-12","0","7","0","0.0","48.3","58.2","38.5"
"USW00013957","SHREVEPORT REGIONAL AIRPORT, LA US","1943-01","1","9","0","0.0","48.1","59.2","37.1"
"USW00013957","SHREVEPORT REGIONAL AIRPORT, LA US","1943-02","0","11","0","0.0","53.4","65.2","41.7"
"USW00013957","SHREVEPORT REGIONAL AIRPORT, LA US","1943-03","1","12","0","0.0","53.4","64.0","42.7"
"USW00013957","SHREVEPORT REGIONAL AIRPORT, LA US","1943-04","0","25","1","0.0","68.0","79.2","56.9"
"USW00013957","SHREVEPORT REGIONAL AIRPORT, LA US","1943-05","0","31","12","0.0","76.4","86.5","66.2"
"USW00013957","SHREVEPORT REGIONAL AIRPORT, LA US","1943-06","0","30","28","0.0","83.6","93.2","74.1"
"USW00013957","SHREVEPORT REGIONAL AIRPORT, LA US","1943-07","0","31","27","0.0","84.9","95.5","74.4"
"USW00013957","SHREVEPORT REGIONAL AIRPORT, LA US","1943-08","0","31","30","0.0","86.8","98.3","75.2"
"USW00013957","SHREVEPORT REGIONAL AIRPORT, LA US","1943-09","0","29","9","0.0","75.2","84.8","65.6"
"USW00013957","SHREVEPORT REGIONAL AIRPORT, LA US","1943-10","0","27","0","0.0","65.7","77.6","53.7"
"USW00013957","SHREVEPORT REGIONAL AIRPORT, LA US","1943-11","0","12","0","0.0","53.2","66.4","40.1"
"USW00013957","SHREVEPORT REGIONAL AIRPORT, LA US","1943-12","0","5","0","0.0","47.0","55.2","38.8"
"USW00013957","SHREVEPORT REGIONAL AIRPORT, LA US","1944-01","2","3","0","3.5","46.2","55.5","36.8"
"USW00013957","SHREVEPORT REGIONAL AIRPORT, LA US","1944-02","0","7","0","0.0","54.6","62.2","46.9"
"USW00013957","SHREVEPORT REGIONAL AIRPORT, LA US","1944-03","0","15","0","0.0","57.9","67.9","47.9"
"USW00013957","SHREVEPORT REGIONAL AIRPORT, LA US","1944-04","0","24","0","0.0","65.2","75.3","55.1"
"USW00013957","SHREVEPORT REGIONAL AIRPORT, LA US","1944-05","0","30","2","0.0","72.9","82.0","63.9"
"USW00013957","SHREVEPORT REGIONAL AIRPORT, LA US","1944-06","0","30","25","0.0","83.0","92.8","73.2"
"USW00013957","SHREVEPORT REGIONAL AIRPORT, LA US","1944-07","0","31","29","0.0","85.2","96.4","74.0"
"USW00013957","SHREVEPORT REGIONAL AIRPORT, LA US","1944-08","0","31","26","0.0","83.9","94.3","73.5"
"USW00013957","SHREVEPORT REGIONAL AIRPORT, LA US","1944-09","0","30","9","0.0","77.5","87.5","67.5"
"USW00013957","SHREVEPORT REGIONAL AIRPORT, LA US","1944-10","0","30","3","0.0","67.1","81.7","52.6"
"USW00013957","SHREVEPORT REGIONAL AIRPORT, LA US","1944-11","0","15","0","0.0","57.6","67.4","47.7"
"USW00013957","SHREVEPORT REGIONAL AIRPORT, LA US","1944-12","0","1","0","0.0","44.7","54.4","35.1"
"USW00013957","SHREVEPORT REGIONAL AIRPORT, LA US","1945-01","0","2","0","0.0","45.7","55.1","36.3"
"USW00013957","SHREVEPORT REGIONAL AIRPORT, LA US","1945-02","0","9","0","0.0","52.6","62.4","42.7"
"USW00013957","SHREVEPORT REGIONAL AIRPORT, LA US","1945-03","0","22","0","0.0","64.0","73.8","54.2"
"USW00013957","SHREVEPORT REGIONAL AIRPORT, LA US","1945-04","0","27","0","0.0","66.8","76.5","57.1"
"USW00013957","SHREVEPORT REGIONAL AIRPORT, LA US","1945-05","0","29","5","0.0","71.4","82.0","60.7"
"USW00013957","SHREVEPORT REGIONAL AIRPORT, LA US","1945-06","0","30","18","0.0","80.5","89.5","71.6"
"USW00013957","SHREVEPORT REGIONAL AIRPORT, LA US","1945-07","0","31","19","0.0","81.3","89.7","73.0"
"USW00013957","SHREVEPORT REGIONAL AIRPORT, LA US","1945-08","0","31","18","0.0","81.8","90.7","72.9"
"USW00013957","SHREVEPORT REGIONAL AIRPORT, LA US","1945-09","0","30","15","0.0","78.9","89.3","68.6"
"USW00013957","SHREVEPORT REGIONAL AIRPORT, LA US","1945-10","0","25","0","0.0","65.0","75.6","54.4"
"USW00013957","SHREVEPORT REGIONAL AIRPORT, LA US","1945-11","0","17","0","0.0","59.8","70.8","48.9"
"USW00013957","SHREVEPORT REGIONAL AIRPORT, LA US","1945-12","0","2","0","0.0","44.4","53.2","35.5"
"USW00013957","SHREVEPORT REGIONAL AIRPORT, LA US","1946-01","0","3","0","1.2","46.4","53.9","38.9"
"USW00013957","SHREVEPORT REGIONAL AIRPORT, LA US","1946-02","0","7","0","0.0","52.9","64.0","41.9"
"USW00013957","SHREVEPORT REGIONAL AIRPORT, LA US","1946-03","0","20","1","0.0","61.7","71.9","51.5"
"USW00013957","SHREVEPORT REGIONAL AIRPORT, LA US","1946-04","0","28","0","0.0","69.5","79.6","59.4"
"USW00013957","SHREVEPORT REGIONAL AIRPORT, LA US","1946-05","0","29","0","0.0","71.5","80.5","62.5"
"USW00013957","SHREVEPORT REGIONAL AIRPORT, LA US","1946-06","0","30","12","0.0","78.5","87.3","69.7"
"USW00013957","SHREVEPORT REGIONAL AIRPORT, LA US","1946-07","0","31","22","0.0","82.7","92.0","73.5"
"USW00013957","SHREVEPORT REGIONAL AIRPORT, LA US","1946-08","0","31","19","0.0","81.4","90.5","72.3"
"USW00013957","SHREVEPORT REGIONAL AIRPORT, LA US","1946-09","0","30","7","0.0","75.4","84.3","66.6"
"USW00013957","SHREVEPORT REGIONAL AIRPORT, LA US","1946-10","0","28","0","0.0","67.4","79.0","55.9"
"USW00013957","SHREVEPORT REGIONAL AIRPORT, LA US","1946-11","0","12","0","0.0","58.6","67.8","49.3"
"USW00013957","SHREVEPORT REGIONAL AIRPORT, LA US","1946-12","1","15","0","0.0","54.1","64.2","44.0"
"USW00013957","SHREVEPORT REGIONAL AIRPORT, LA US","1947-01","2","6","0","0.0","47.4","55.0","39.8"
"USW00013957","SHREVEPORT REGIONAL AIRPORT, LA US","1947-02","0","5","0","0.0","43.4","54.6","32.3"
"USW00013957","SHREVEPORT REGIONAL AIRPORT, LA US","1947-03","0","7","0","0.0","51.3","61.4","41.1"
"USW00013957","SHREVEPORT REGIONAL AIRPORT, LA US","1947-04","0","24","0","0.0","67.1","76.7","57.5"
"USW00013957","SHREVEPORT REGIONAL AIRPORT, LA US","1947-05","0","31","4","0.0","71.8","82.1","61.4"
"USW00013957","SHREVEPORT REGIONAL AIRPORT, LA US","1947-06","0","30","23","0.0","81.1","91.7","70.4"
"USW00013957","SHREVEPORT REGIONAL AIRPORT, LA US","1947-07","0","31","25","0.0","82.4","94.4","70.4"
"USW00013957","SHREVEPORT REGIONAL AIRPORT, LA US","1947-08","0","31","30","0.0","85.6","97.3","73.8"
"USW00013957","SHREVEPORT REGIONAL AIRPORT, LA US","1947-09","0","30","15","0.0","78.9","90.8","67.0"
"USW00013957","SHREVEPORT REGIONAL AIRPORT, LA US","1947-10","0","31","6","0.0","72.2","85.2","59.3"
"USW00013957","SHREVEPORT REGIONAL AIRPORT, LA US","1947-11","0","6","0","0.0","53.0","63.1","42.9"
"USW00013957","SHREVEPORT REGIONAL AIRPORT, LA US","1947-12","0","10","0","0.0","49.7","60.3","39.0"
"USW00013957","SHREVEPORT REGIONAL AIRPORT, LA US","1948-01","5","2","0","13.0","39.1","47.8","30.4"
"USW00013957","SHREVEPORT REGIONAL AIRPORT, LA US","1948-02","0","6","0","1.0","48.4","56.7","40.0"
"USW00013957","SHREVEPORT REGIONAL AIRPORT, LA US","1948-03","0","17","0","0.0","57.2","67.7","46.8"
"USW00013957","SHREVEPORT REGIONAL AIRPORT, LA US","1948-04","0","28","2","0.0","70.5","82.3","58.6"
"USW00013957","SHREVEPORT REGIONAL AIRPORT, LA US","1948-05","0","29","2","0.0","73.8","83.9","63.7"
"USW00013957","SHREVEPORT REGIONAL AIRPORT, LA US","1948-06","0","30","24","0.0","82.5","93.3","71.8"
"USW00013957","SHREVEPORT REGIONAL AIRPORT, LA US","1948-07","0","31","27","0.0","85.3","95.8","74.8"
"USW00013957","SHREVEPORT REGIONAL AIRPORT, LA US","1948-08","0","31","29","0.0","84.6","96.8","72.3"
"USW00013957","SHREVEPORT REGIONAL AIRPORT, LA US","1948-09","0","30","17","0.0","76.9","89.2","64.6"
"USW00013957","SHREVEPORT REGIONAL AIRPORT, LA US","1948-10","0","30","0","0.0","65.7","80.0","51.3"
"USW00013957","SHREVEPORT REGIONAL AIRPORT, LA US","1948-11","0","12","0","0.0","55.7","66.8","44.6"
"USW00013957","SHREVEPORT REGIONAL AIRPORT, LA US","1948-12","0","10","0","0.0","52.2","62.9","41.5"
"USW00013957","SHREVEPORT REGIONAL AIRPORT, LA US","1949-01","3","8","0","7.7","48.3","56.7","39.8"
"USW00013957","SHREVEPORT REGIONAL AIRPORT, LA US","1949-02","0","8","0","0.0","53.1","63.4","42.8"
"USW00013957","SHREVEPORT REGIONAL AIRPORT, LA US","1949-03","0","21","0","0.0","57.4","68.6","46.3"
"USW00013957","SHREVEPORT REGIONAL AIRPORT, LA US","1949-04","0","20","0","0.0","64.2","74.2","54.2"
"USW00013957","SHREVEPORT REGIONAL AIRPORT, LA US","1949-05","0","31","13","0.0","77.0","88.1","65.9"
"USW00013957","SHREVEPORT REGIONAL AIRPORT, LA US","1949-06","0","30","22","0.0","81.8","91.8","71.8"
"USW00013957","SHREVEPORT REGIONAL AIRPORT, LA US","1949-07","0","31","24","0.0","83.6","93.2","74.1"
"USW00013957","SHREVEPORT REGIONAL AIRPORT, LA US","1949-08","0","31","22","0.0","81.1","91.9","70.2"
"USW00013957","SHREVEPORT REGIONAL AIRPORT, LA US","1949-09","0","30","10","0.0","75.3","86.4","64.3"
"USW00013957","SHREVEPORT REGIONAL AIRPORT, LA US","1949-10","0","25","0","0.0","67.4","76.0","58.8"
"USW00013957","SHREVEPORT REGIONAL AIRPORT, LA US","1949-11","0","18","0","0.0","58.3","71.9","44.7"
"USW00013957","SHREVEPORT REGIONAL AIRPORT, LA US","1949-12","0","6","0","0.0","51.3","61.5","41.0"
"USW00013957","SHREVEPORT REGIONAL AIRPORT, LA US","1950-01","0","16","0","0.0","56.2","64.4","48.0"
"USW00013957","SHREVEPORT REGIONAL AIRPORT, LA US","1950-02","0","8","0","0.0","55.0","64.7","45.3"
"USW00013957","SHREVEPORT REGIONAL AIRPORT, LA US","1950-03","0","11","0","0.0","55.8","66.5","45.2"
"USW00013957","SHREVEPORT REGIONAL AIRPORT, LA US","1950-04","0","22","0","0.0","62.9","73.1","52.7"
"USW00013957","SHREVEPORT REGIONAL AIRPORT, LA US","1950-05","0","31","7","0.0","75.8","85.7","65.7"
"USW00013957","SHREVEPORT REGIONAL AIRPORT, LA US","1950-06","0","30","16","0.0","79.8","89.0","70.7"
"USW00013957","SHREVEPORT REGIONAL AIRPORT, LA US","1950-07","0","31","21","0.0","81.4","90.6","72.0"
"USW00013957","SHREVEPORT REGIONAL AIRPORT, LA US","1950-08","0","31","20","0.0","81.0","90.2","71.7"
"USW00013957","SHREVEPORT REGIONAL AIRPORT, LA US","1950-09","0","29","5","0.0","74.6","83.2","65.9"
"USW00013957","SHREVEPORT REGIONAL AIRPORT, LA US","1950-10","0","29","0","0.0","69.8","81.4","58.2"
"USW00013957","SHREVEPORT REGIONAL AIRPORT, LA US","1950-11","0","12","0","0.0","54.2","66.5","42.0"
"USW00013957","SHREVEPORT REGIONAL AIRPORT, LA US","1950-12","1","4","0","0.2","45.9","56.9","34.9"
"USW00013957","SHREVEPORT REGIONAL AIRPORT, LA US","1951-01","2","7","0","4.4","48.2","59.6","36.8"
"USW00013957","SHREVEPORT REGIONAL AIRPORT, LA US","1951-02","2","9","0","0.0","50.6","61.2","40.0"
"USW00013957","SHREVEPORT REGIONAL AIRPORT, LA US","1951-03","0","16","0","0.0","57.8","69.0","46.7"
"USW00013957","SHREVEPORT REGIONAL AIRPORT, LA US","1951-04","0","21","0","0.0","63.5","74.9","52.1"
"USW00013957","SHREVEPORT REGIONAL AIRPORT, LA US","1951-05","0","30","8","0.0","73.6","85.4","61.7"
"USW00013957","SHREVEPORT REGIONAL AIRPORT, LA US","1951-06","0","30","21","0.0","81.2","91.3","71.2"
"USW00013957","SHREVEPORT REGIONAL AIRPORT, LA US","1951-07","0","31","29","0.0","84.5","94.9","74.2"
"USW00013957","SHREVEPORT REGIONAL AIRPORT, LA US","1951-08","0","31","30","0.0","87.5","99.3","75.6"
"USW00013957","SHREVEPORT REGIONAL AIRPORT, LA US","1951-09","0","30","11","0.0","77.4","88.3","66.6"
"USW00013957","SHREVEPORT REGIONAL AIRPORT, LA US","1951-10","0","27","5","0.0","68.1","80.3","55.9"
"USW00013957","SHREVEPORT REGIONAL AIRPORT, LA US","1951-11","0","11","0","0.0","52.0","63.6","40.4"
"USW00013957","SHREVEPORT REGIONAL AIRPORT, LA US","1951-12","0","13","0","0.0","51.6","62.8","40.4"
"USW00013957","SHREVEPORT REGIONAL AIRPORT, LA US","1952-01","0","11","0","0.0","55.6","65.5","45.7"
"USW00013957","SHREVEPORT REGIONAL AIRPORT, LA US","1952-02","0","10","0","0.0","54.1","64.3","43.8"
"USW00013957","SHREVEPORT REGIONAL AIRPORT, LA US","1952-03","0","13","0","0.0","55.5","66.8","44.1"
"USW00013957","SHREVEPORT REGIONAL AIRPORT, LA US","1952-04","0","21","0","0.0","62.0","73.5","50.5"
"USW00013957","SHREVEPORT REGIONAL AIRPORT, LA US","1952-05","0","30","6","0.0","72.6","83.9","61.3"
"USW00013957","SHREVEPORT REGIONAL AIRPORT, LA US","1952-06","0","30","29","0.0","83.6","94.6","72.5"
"USW00013957","SHREVEPORT REGIONAL AIRPORT, LA US","1952-07","0","31","29","0.0","83.7","94.3","73.1"
"USW00013957","SHREVEPORT REGIONAL AIRPORT, LA US","1952-08","0","31","29","0.0","84.0","95.2","72.9"
"USW00013957","SHREVEPORT REGIONAL AIRPORT, LA US","1952-09","0","30","15","0.0","76.8","89.4","64.1"
"USW00013957","SHREVEPORT REGIONAL AIRPORT, LA US","1952-10","0","22","3","0.0","60.6","76.3","44.9"
"USW00013957","SHREVEPORT REGIONAL AIRPORT, LA US","1952-11","0","13","0","0.0","54.6","64.7","44.4"
"USW00013957","SHREVEPORT REGIONAL AIRPORT, LA US","1952-12","0","3","0","0.0","48.0","57.4","38.7"
"USW00013957","SHREVEPORT REGIONAL AIRPORT, LA US","1953-01","0","9","0","0.0","51.4","62.7","40.1"
"USW00013957","SHREVEPORT REGIONAL AIRPORT, LA US","1953-02","0","4","0","0.0","50.7","61.0","40.4"
"USW00013957","SHREVEPORT REGIONAL AIRPORT, LA US","1953-03","0","22","0","0.0","63.1","73.3","53.0"
"USW00013957","SHREVEPORT REGIONAL AIRPORT, LA US","1953-04","0","23","0","0.0","63.6","74.8","52.4"
"USW00013957","SHREVEPORT REGIONAL AIRPORT, LA US","1953-05","0","28","11","0.0","74.7","84.4","65.0"
"USW00013957","SHREVEPORT REGIONAL AIRPORT, LA US","1953-06","0","30","28","0.0","84.5","95.7","73.4"
"USW00013957","SHREVEPORT REGIONAL AIRPORT, LA US","1953-07","0","31","21","0.0","82.0","91.5","72.5"
"USW00013957","SHREVEPORT REGIONAL AIRPORT, LA US","1953-08","0","31","22","0.0","82.3","92.9","71.7"
"USW00013957","SHREVEPORT REGIONAL AIRPORT, LA US","1953-09","0","30","22","0.0","78.0","92.2","63.7"
"USW00013957","SHREVEPORT REGIONAL AIRPORT, LA US","1953-10","0","26","7","0.0","69.7","82.4","56.9"
"USW00013957","SHREVEPORT REGIONAL AIRPORT, LA US","1953-11","0","13","0","0.0","54.1","65.8","42.5"
"USW00013957","SHREVEPORT REGIONAL AIRPORT, LA US","1953-12","0","2","0","0.0","45.9","55.8","35.9"
"USW00013957","SHREVEPORT REGIONAL AIRPORT, LA US","1954-01","1","8","0","0.0","49.3","59.4","39.2"
"USW00013957","SHREVEPORT REGIONAL AIRPORT, LA US","1954-02","0","14","0","0.0","56.7","69.5","43.8"
"USW00013957","SHREVEPORT REGIONAL AIRPORT, LA US","1954-03","0","15","0","0.0","56.7","67.8","45.6"
"USW00013957","SHREVEPORT REGIONAL AIRPORT, LA US","1954-04","0","28","0","0.0","70.2","80.7","59.7"
"USW00013957","SHREVEPORT REGIONAL AIRPORT, LA US","1954-05","0","26","2","0.0","68.8","78.5","59.1"
"USW00013957","SHREVEPORT REGIONAL AIRPORT, LA US","1954-06","0","30","24","0.0","81.6","92.6","70.7"
"USW00013957","SHREVEPORT REGIONAL AIRPORT, LA US","1954-07","0","31","29","0.0","87.0","98.7","75.4"
"USW00013957","SHREVEPORT REGIONAL AIRPORT, LA US","1954-08","0","31","31","0.0","86.9","100.1","73.6"
"USW00013957","SHREVEPORT REGIONAL AIRPORT, LA US","1954-09","0","30","25","0.0","80.7","94.1","67.3"
"USW00013957","SHREVEPORT REGIONAL AIRPORT, LA US","1954-10","0","25","7","0.0","69.3","79.6","59.0"
"USW00013957","SHREVEPORT REGIONAL AIRPORT, LA US","1954-11","0","14","0","0.0","55.3","67.7","42.9"
"USW00013957","SHREVEPORT REGIONAL AIRPORT, LA US","1954-12","0","9","0","0.0","50.8","62.5","39.1"
"USW00013957","SHREVEPORT REGIONAL AIRPORT, LA US","1955-01","0","5","0","0.0","47.8","57.2","38.4"
"USW00013957","SHREVEPORT REGIONAL AIRPORT, LA US","1955-02","0","7","0","0.0","49.9","60.3","39.4"
"USW00013957","SHREVEPORT REGIONAL AIRPORT, LA US","1955-03","0","19","0","0.0","59.7","71.4","48.0"
"USW00013957","SHREVEPORT REGIONAL AIRPORT, LA US","1955-04","0","27","2","0.0","69.2","79.9","58.6"
"USW00013957","SHREVEPORT REGIONAL AIRPORT, LA US","1955-05","0","31","5","0.0","75.6","85.5","65.8"
"USW00013957","SHREVEPORT REGIONAL AIRPORT, LA US","1955-06","0","30","15","0.0","77.5","88.4","66.6"
"USW00013957","SHREVEPORT REGIONAL AIRPORT, LA US","1955-07","0","31","26","0.0","82.5","92.3","72.7"
"USW00013957","SHREVEPORT REGIONAL AIRPORT, LA US","1955-08","0","31","21","0.0","81.2","89.9","72.5"
"USW00013957","SHREVEPORT REGIONAL AIRPORT, LA US","1955-09","0","30","19","0.0","79.5","90.3","68.8"
"USW00013957","SHREVEPORT REGIONAL AIRPORT, LA US","1955-10","0","28","2","0.0","66.6","79.6","53.7"
"USW00013957","SHREVEPORT REGIONAL AIRPORT, LA US","1955-11","0","12","0","0.0","55.3","66.5","44.0"
"USW00013957","SHREVEPORT REGIONAL AIRPORT, LA US","1955-12","0","4","0","0.0","49.4","58.8","40.0"
"USW00013957","SHREVEPORT REGIONAL AIRPORT, LA US","1956-01","0","5","0","0.0","46.6","56.8","36.3"
"USW00013957","SHREVEPORT REGIONAL AIRPORT, LA US","1956-02","0","12","0","0.0","54.5","64.5","44.5"
"USW00013957","SHREVEPORT REGIONAL AIRPORT, LA US","1956-03","0","20","0","0.0","57.2","68.1","46.3"
"USW00013957","SHREVEPORT REGIONAL AIRPORT, LA US","1956-04","0","21","0","0.0","63.5","74.2","52.8"
"USW00013957","SHREVEPORT REGIONAL AIRPORT, LA US","1956-05","0","31","9","0.0","76.2","86.4","65.9"
"USW00013957","SHREVEPORT REGIONAL AIRPORT, LA US","1956-06","0","30","19","0.0","79.3","89.3","69.2"
"USW00013957","SHREVEPORT REGIONAL AIRPORT, LA US","1956-07","0","31","31","0.0","84.8","96.6","73.0"
"USW00013957","SHREVEPORT REGIONAL AIRPORT, LA US","1956-08","0","31","27","0.0","84.1","96.4","71.8"
"USW00013957","SHREVEPORT REGIONAL AIRPORT, LA US","1956-09","0","30","22","0.0","78.3","91.9","64.6"
"USW00013957","SHREVEPORT REGIONAL AIRPORT, LA US","1956-10","0","31","1","0.0","69.6","82.5","56.7"
"USW00013957","SHREVEPORT REGIONAL AIRPORT, LA US","1956-11","0","14","0","0.0","54.1","65.8","42.4"
"USW00013957","SHREVEPORT REGIONAL AIRPORT, LA US","1956-12","0","12","0","0.0","54.6","65.6","43.6"
"USW00013957","SHREVEPORT REGIONAL AIRPORT, LA US","1957-01","0","3","0","0.0","47.3","55.4","39.3"
"USW00013957","SHREVEPORT REGIONAL AIRPORT, LA US","1957-02","0","8","0","0.0","56.8","65.0","48.6"
"USW00013957","SHREVEPORT REGIONAL AIRPORT, LA US","1957-03","0","10","0","0.0","54.8","64.7","45.0"
"USW00013957","SHREVEPORT REGIONAL AIRPORT, LA US","1957-04","0","23","0","0.0","65.0","74.8","55.3"
"USW00013957","SHREVEPORT REGIONAL AIRPORT, LA US","1957-05","0","29","7","0.0","74.5","84.1","64.8"
"USW00013957","SHREVEPORT REGIONAL AIRPORT, LA US","1957-06","0","30","16","0.0","79.8","88.8","70.7"
"USW00013957","SHREVEPORT REGIONAL AIRPORT, LA US","1957-07","0","31","28","0.0","83.7","93.8","73.7"
"USW00013957","SHREVEPORT REGIONAL AIRPORT, LA US","1957-08","0","31","24","0.0","82.3","92.6","71.9"
"USW00013957","SHREVEPORT REGIONAL AIRPORT, LA US","1957-09","0","30","8","0.0","74.6","84.3","64.9"
"USW00013957","SHREVEPORT REGIONAL AIRPORT, LA US","1957-10","0","22","0","0.0","63.4","73.7","53.2"
"USW00013957","SHREVEPORT REGIONAL AIRPORT, LA US","1957-11","0","9","0","0.0","55.5","64.3","46.6"
"USW00013957","SHREVEPORT REGIONAL AIRPORT, LA US","1957-12","0","6","0","0.0","52.6","63.4","41.8"
"USW00013957","SHREVEPORT REGIONAL AIRPORT, LA US","1958-01","0","0","0","0.0","44.8","54.4","35.1"
"USW00013957","SHREVEPORT REGIONAL AIRPORT, LA US","1958-02","0","1","0","0.0","44.5","53.2","35.9"
"USW00013957","SHREVEPORT REGIONAL AIRPORT, LA US","1958-03","0","5","0","0.0","52.1","61.2","43.1"
"USW00013957","SHREVEPORT REGIONAL AIRPORT, LA US","1958-04","0","22","0","0.0","63.8","73.9","53.7"
"USW00013957","SHREVEPORT REGIONAL AIRPORT, LA US","1958-05","0","31","7","0.0","73.3","83.4","63.3"
"USW00013957","SHREVEPORT REGIONAL AIRPORT, LA US","1958-06","0","30","22","0.0","80.7","90.5","70.9"
"USW00013957","SHREVEPORT REGIONAL AIRPORT, LA US","1958-07","0","31","26","0.0","82.9","92.8","73.0"
"USW00013957","SHREVEPORT REGIONAL AIRPORT, LA US","1958-08","0","31","26","0.0","82.1","92.5","71.7"
"USW00013957","SHREVEPORT REGIONAL AIRPORT, LA US","1958-09","0","30","13","0.0","77.3","85.7","68.8"
"USW00013957","SHREVEPORT REGIONAL AIRPORT, LA US","1958-10","0","23","0","0.0","65.1","75.0","55.3"
"USW00013957","SHREVEPORT REGIONAL AIRPORT, LA US","1958-11","0","16","0","0.0","57.0","69.1","44.9"
"USW00013957","SHREVEPORT REGIONAL AIRPORT, LA US","1958-12","0","3","0","0.0","44.7","54.4","34.9"
"USW00013957","SHREVEPORT REGIONAL AIRPORT, LA US","1959-01","1","6","0","0.0","45.2","56.2","34.2"
"USW00013957","SHREVEPORT REGIONAL AIRPORT, LA US","1959-02","0","6","0","0.0","50.5","60.0","41.0"
"USW00013957","SHREVEPORT REGIONAL AIRPORT, LA US","1959-03","0","14","0","0.0","55.7","68.5","43.0"
"USW00013957","SHREVEPORT REGIONAL AIRPORT, LA US","1959-04","0","20","0","0.0","62.6","73.1","52.0"
"USW00013957","SHREVEPORT REGIONAL AIRPORT, LA US","1959-05","0","31","2","0.0","75.5","85.0","65.9"
"USW00013957","SHREVEPORT REGIONAL AIRPORT, LA US","1959-06","0","30","15","0.0","78.3","88.1","68.6"
"USW00013957","SHREVEPORT REGIONAL AIRPORT, LA US","1959-07","0","31","25","0.0","81.5","91.3","71.8"
"USW00013957","SHREVEPORT REGIONAL AIRPORT, LA US","1959-08","0","31","25","0.0","81.9","92.0","71.8"
"USW00013957","SHREVEPORT REGIONAL AIRPORT, LA US","1959-09","0","30","12","0.0","78.1","88.4","67.9"
"USW00013957","SHREVEPORT REGIONAL AIRPORT, LA US","1959-10","0","26","3","0.0","67.3","78.2","56.4"
"USW00013957","SHREVEPORT REGIONAL AIRPORT, LA US","1959-11","0","9","0","0.0","50.1","61.8","38.5"
"USW00013957","SHREVEPORT REGIONAL AIRPORT, LA US","1959-12","0","2","0","0.0","50.4","60.0","40.8"
"USW00013957","SHREVEPORT REGIONAL AIRPORT, LA US","1960-01","0","5","0","0.0","45.9","53.9","37.9"
"USW00013957","SHREVEPORT REGIONAL AIRPORT, LA US","1960-02","0","2","0","2.0","44.0","53.3","34.7"
"USW00013957","SHREVEPORT REGIONAL AIRPORT, LA US","1960-03","0","8","0","0.0","48.5","57.6","39.4"
"USW00013957","SHREVEPORT REGIONAL AIRPORT, LA US","1960-04","0","29","0","0.0","67.2","78.5","56.0"
"USW00013957","SHREVEPORT REGIONAL AIRPORT, LA US","1960-05","0","30","8","0.0","71.3","83.5","59.1"
"USW00013957","SHREVEPORT REGIONAL AIRPORT, LA US","1960-06","0","30","22","0.0","79.9","90.8","69.1"
"USW00013957","SHREVEPORT REGIONAL AIRPORT, LA US","1960-07","0","31","27","0.0","82.9","93.3","72.5"
"USW00013957","SHREVEPORT REGIONAL AIRPORT, LA US","1960-08","0","31","25","0.0","82.1","91.8","72.3"
"USW00013957","SHREVEPORT REGIONAL AIRPORT, LA US","1960-09","0","29","16","0.0","77.5","88.3","66.7"
"USW00013957","SHREVEPORT REGIONAL AIRPORT, LA US","1960-10","0","26","0","0.0","68.4","78.4","58.4"
"USW00013957","SHREVEPORT REGIONAL AIRPORT, LA US","1960-11","0","14","0","0.0","57.1","67.5","46.6"
"USW00013957","SHREVEPORT REGIONAL AIRPORT, LA US","1960-12","0","2","0","0.0","44.6","53.1","36.1"
"USW00013957","SHREVEPORT REGIONAL AIRPORT, LA US","1961-01","3","2","0","0.8","43.4","53.7","33.1"
"USW00013957","SHREVEPORT REGIONAL AIRPORT, LA US","1961-02","0","9","0","0.0","52.6","62.4","42.9"
"USW00013957","SHREVEPORT REGIONAL AIRPORT, LA US","1961-03","0","20","0","0.0","61.2","71.6","50.8"
"USW00013957","SHREVEPORT REGIONAL AIRPORT, LA US","1961-04","0","20","0","0.0","62.7","74.6","50.7"
"USW00013957","SHREVEPORT REGIONAL AIRPORT, LA US","1961-05","0","31","3","0.0","71.6","82.5","60.8"
"USW00013957","SHREVEPORT REGIONAL AIRPORT, LA US","1961-06","0","27","10","0.0","75.8","85.6","66.1"
"USW00013957","SHREVEPORT REGIONAL AIRPORT, LA US","1961-07","0","31","16","0.0","79.4","88.5","70.4"
"USW00013957","SHREVEPORT REGIONAL AIRPORT, LA US","1961-08","0","31","16","0.0","79.0","88.5","69.5"
"USW00013957","SHREVEPORT REGIONAL AIRPORT, LA US","1961-09","0","30","10","0.0","76.5","85.9","67.1"
"USW00013957","SHREVEPORT REGIONAL AIRPORT, LA US","1961-10","0","27","0","0.0","66.7","78.2","55.1"
"USW00013957","SHREVEPORT REGIONAL AIRPORT, LA US","1961-11","0","7","0","0.0","54.7","63.2","46.2"
"USW00013957","SHREVEPORT REGIONAL AIRPORT, LA US","1961-12","0","3","0","0.0","48.1","56.9","39.2"
"USW00013957","SHREVEPORT REGIONAL AIRPORT, LA US","1962-01","2","2","0","3.5","42.4","53.0","31.8"
"USW00013957","SHREVEPORT REGIONAL AIRPORT, LA US","1962-02","0","16","0","0.0","57.2","68.1","46.2"
"USW00013957","SHREVEPORT REGIONAL AIRPORT, LA US","1962-03","0","8","0","0.0","53.3","63.6","43.0"
"USW00013957","SHREVEPORT REGIONAL AIRPORT, LA US","1962-04","0","22","0","0.0","64.0","74.2","53.8"
"USW00013957","SHREVEPORT REGIONAL AIRPORT, LA US","1962-05","0","31","8","0.0","75.4","86.9","63.9"
"USW00013957","SHREVEPORT REGIONAL AIRPORT, LA US","1962-06","0","30","9","0.0","78.6","88.2","68.9"
"USW00013957","SHREVEPORT REGIONAL AIRPORT, LA US","1962-07","0","31","28","0.0","83.9","94.7","73.1"
"USW00013957","SHREVEPORT REGIONAL AIRPORT, LA US","1962-08","0","31","29","0.0","84.7","96.4","73.0"
"USW00013957","SHREVEPORT REGIONAL AIRPORT, LA US","1962-09","0","30","12","0.0","77.5","87.1","67.8"
"USW00013957","SHREVEPORT REGIONAL AIRPORT, LA US","1962-10","0","27","7","0.0","70.6","80.9","60.3"
"USW00013957","SHREVEPORT REGIONAL AIRPORT, LA US","1962-11","0","11","0","0.0","55.2","65.6","44.7"
"USW00013957","SHREVEPORT REGIONAL AIRPORT, LA US","1962-12","1","5","0","0.0","48.5","58.0","38.9"
"USW00013957","SHREVEPORT REGIONAL AIRPORT, LA US","1963-01","5","2","0","0.0","39.6","50.1","29.0"
"USW00013957","SHREVEPORT REGIONAL AIRPORT, LA US","1963-02","0","5","0","2.0","46.4","59.2","33.7"
"USW00013957","SHREVEPORT REGIONAL AIRPORT, LA US","1963-03","0","23","0","0.0","62.1","75.3","49.0"
"USW00013957","SHREVEPORT REGIONAL AIRPORT, LA US","1963-04","0","28","2","0.0","69.7","80.5","58.8"
"USW00013957","SHREVEPORT REGIONAL AIRPORT, LA US","1963-05","0","30","10","0.0","74.7","86.0","63.5"
"USW00013957","SHREVEPORT REGIONAL AIRPORT, LA US","1963-06","0","30","26","0.0","82.1","93.0","71.1"
"USW00013957","SHREVEPORT REGIONAL AIRPORT, LA US","1963-07","0","31","28","0.0","83.6","94.4","72.9"
"USW00013957","SHREVEPORT REGIONAL AIRPORT, LA US","1963-08","0","31","27","0.0","85.0","96.4","73.6"
"USW00013957","SHREVEPORT REGIONAL AIRPORT, LA US","1963-09","0","30","15","0.0","78.4","88.7","68.1"
"USW00013957","SHREVEPORT REGIONAL AIRPORT, LA US","1963-10","0","31","11","0.0","71.9","86.8","56.9"
"USW00013957","SHREVEPORT REGIONAL AIRPORT, LA US","1963-11","0","15","0","0.0","57.9","69.7","46.2"
"USW00013957","SHREVEPORT REGIONAL AIRPORT, LA US","1963-12","3","2","0","3.2","39.8","49.8","29.9"
"USW00013957","SHREVEPORT REGIONAL AIRPORT, LA US","1964-01","1","5","0","1.4","46.5","57.3","35.7"
"USW00013957","SHREVEPORT REGIONAL AIRPORT, LA US","1964-02","0","0","0","0.0","45.6","55.0","36.1"
"USW00013957","SHREVEPORT REGIONAL AIRPORT, LA US","1964-03","0","16","0","0.0","56.8","68.0","45.6"
"USW00013957","SHREVEPORT REGIONAL AIRPORT, LA US","1964-04","0","28","0","0.0","68.6","78.3","59.0"
"USW00013957","SHREVEPORT REGIONAL AIRPORT, LA US","1964-05","0","30","6","0.0","75.1","84.9","65.3"
"USW00013957","SHREVEPORT REGIONAL AIRPORT, LA US","1964-06","0","30","24","0.0","81.0","91.3","70.6"
"USW00013957","SHREVEPORT REGIONAL AIRPORT, LA US","1964-07","0","31","30","0.0","84.2","95.9","72.6"
"USW00013957","SHREVEPORT REGIONAL AIRPORT, LA US","1964-08","0","31","23","0.0","84.0","93.9","74.1"
"USW00013957","SHREVEPORT REGIONAL AIRPORT, LA US","1964-09","0","28","17","0.0","78.4","87.7","69.2"
"USW00013957","SHREVEPORT REGIONAL AIRPORT, LA US","1964-10","0","27","0","0.0","64.1","76.9","51.4"
"USW00013957","SHREVEPORT REGIONAL AIRPORT, LA US","1964-11","0","20","0","0.0","59.3","70.2","48.5"
"USW00013957","SHREVEPORT REGIONAL AIRPORT, LA US","1964-12","0","8","0","0.0","50.1","60.4","39.8"
"USW00013957","SHREVEPORT REGIONAL AIRPORT, LA US","1965-01","0","8","0","0.0","50.8","62.0","39.5"
"USW00013957","SHREVEPORT REGIONAL AIRPORT, LA US","1965-02","0","4","0","2.0","49.4","59.8","38.9"
"USW00013957","SHREVEPORT REGIONAL AIRPORT, LA US","1965-03","0","9","0","4.0","49.6","59.2","39.9"
"USW00013957","SHREVEPORT REGIONAL AIRPORT, LA US","1965-04","0","29","0","0.0","70.1","81.1","59.1"
"USW00013957","SHREVEPORT REGIONAL AIRPORT, LA US","1965-05","0","31","0","0.0","73.6","82.7","64.6"
"USW00013957","SHREVEPORT REGIONAL AIRPORT, LA US","1965-06","0","30","8","0.0","78.3","87.8","68.9"
"USW00013957","SHREVEPORT REGIONAL AIRPORT, LA US","1965-07","0","31","29","0.0","83.0","93.1","72.9"
"USW00013957","SHREVEPORT REGIONAL AIRPORT, LA US","1965-08","0","31","27","0.0","82.1","92.7","71.4"
"USW00013957","SHREVEPORT REGIONAL AIRPORT, LA US","1965-09","0","30","14","0.0","77.2","86.8","67.5"
"USW00013957","SHREVEPORT REGIONAL AIRPORT, LA US","1965-10","0","25","1","0.0","66.1","77.5","54.6"
"USW00013957","SHREVEPORT REGIONAL AIRPORT, LA US","1965-11","0","19","0","0.0","63.2","72.6","53.8"
"USW00013957","SHREVEPORT REGIONAL AIRPORT, LA US","1965-12","0","9","0","0.0","52.0","61.9","42.1"
"USW00013957","SHREVEPORT REGIONAL AIRPORT, LA US","1966-01","1","2","0","0.2","42.2","49.8","34.7"
"USW00013957","SHREVEPORT REGIONAL AIRPORT, LA US","1966-02","0","2","0","1.3","47.5","57.3","37.7"
"USW00013957","SHREVEPORT REGIONAL AIRPORT, LA US","1966-03","0","16","0","0.0","58.1","69.9","46.3"
"USW00013957","SHREVEPORT REGIONAL AIRPORT, LA US","1966-04","0","26","0","0.0","66.2","76.7","55.7"
"USW00013957","SHREVEPORT REGIONAL AIRPORT, LA US","1966-05","0","30","1","0.0","72.6","81.8","63.4"
"USW00013957","SHREVEPORT REGIONAL AIRPORT, LA US","1966-06","0","30","18","0.0","79.0","89.5","68.4"
"USW00013957","SHREVEPORT REGIONAL AIRPORT, LA US","1966-07","0","31","28","0.0","85.0","95.3","74.7"
"USW00013957","SHREVEPORT REGIONAL AIRPORT, LA US","1966-08","0","31","21","0.0","81.0","90.6","71.4"
"USW00013957","SHREVEPORT REGIONAL AIRPORT, LA US","1966-09","0","30","8","0.0","75.3","84.4","66.2"
"USW00013957","SHREVEPORT REGIONAL AIRPORT, LA US","1966-10","0","26","2","0.0","64.0","76.5","51.4"
"USW00013957","SHREVEPORT REGIONAL AIRPORT, LA US","1966-11","0","22","0","0.0","60.4","72.0","48.8"
"USW00013957","SHREVEPORT REGIONAL AIRPORT, LA US","1966-12","0","5","0","0.0","46.9","55.7","38.0"
"USW00013957","SHREVEPORT REGIONAL AIRPORT, LA US","1967-01","1","6","0","0.0","47.6","58.4","36.8"
"USW00013957","SHREVEPORT REGIONAL AIRPORT, LA US","1967-02","0","4","0","0.0","46.5","58.0","35.0"
"USW00013957","SHREVEPORT REGIONAL AIRPORT, LA US","1967-03","0","25","0","0.0","63.5","76.2","50.8"
"USW00013957","SHREVEPORT REGIONAL AIRPORT, LA US","1967-04","0","28","0","0.0","71.0","80.9","61.1"
"USW00013957","SHREVEPORT REGIONAL AIRPORT, LA US","1967-05","0","30","4","0.0","71.1","82.0","60.2"
"USW00013957","SHREVEPORT REGIONAL AIRPORT, LA US","1967-06","0","30","22","0.0","80.9","90.5","71.3"
"USW00013957","SHREVEPORT REGIONAL AIRPORT, LA US","1967-07","0","31","19","0.0","79.8","89.2","70.4"
"USW00013957","SHREVEPORT REGIONAL AIRPORT, LA US","1967-08","0","31","17","0.0","80.0","90.2","69.8"
"USW00013957","SHREVEPORT REGIONAL AIRPORT, LA US","1967-09","0","29","2","0.0","73.2","82.9","63.5"
"USW00013957","SHREVEPORT REGIONAL AIRPORT, LA US","1967-10","0","28","3","0.0","66.5","80.8","52.2"
"USW00013957","SHREVEPORT REGIONAL AIRPORT, LA US","1967-11","0","18","0","0.0","57.1","70.2","44.0"
"USW00013957","SHREVEPORT REGIONAL AIRPORT, LA US","1967-12","0","10","0","0.7","48.9","59.2","38.6"
"USW00013957","SHREVEPORT REGIONAL AIRPORT, LA US","1968-01","2","4","0","1.0","45.4","53.2","37.5"
"USW00013957","SHREVEPORT REGIONAL AIRPORT, LA US","1968-02","0","0","0","0.4","43.6","54.4","32.8"
"USW00013957","SHREVEPORT REGIONAL AIRPORT, LA US","1968-03","0","15","0","1.5","55.8","67.3","44.4"
"USW00013957","SHREVEPORT REGIONAL AIRPORT, LA US","1968-04","0","26","0","0.0","66.4","76.5","56.4"
"USW00013957","SHREVEPORT REGIONAL AIRPORT, LA US","1968-05","0","31","1","0.0","72.7","82.2","63.1"
"USW00013957","SHREVEPORT REGIONAL AIRPORT, LA US","1968-06","0","30","20","0.0","80.1","89.6","70.5"
"USW00013957","SHREVEPORT REGIONAL AIRPORT, LA US","1968-07","0","31","22","0.0","81.0","90.3","71.6"
"USW00013957","SHREVEPORT REGIONAL AIRPORT, LA US","1968-08","0","31","24","0.0","81.9","91.5","72.4"
"USW00013957","SHREVEPORT REGIONAL AIRPORT, LA US","1968-09","0","30","7","0.0","73.6","83.8","63.4"
"USW00013957","SHREVEPORT REGIONAL AIRPORT, LA US","1968-10","0","27","0","0.0","66.6","78.0","55.1"
"USW00013957","SHREVEPORT REGIONAL AIRPORT, LA US","1968-11","0","10","0","0.0","53.6","64.4","42.9"
"USW00013957","SHREVEPORT REGIONAL AIRPORT, LA US","1968-12","0","1","0","0.0","46.6","57.0","36.2"
"USW00013957","SHREVEPORT REGIONAL AIRPORT, LA US","1969-01","0","5","0","0.0","49.3","57.7","40.9"
"USW00013957","SHREVEPORT REGIONAL AIRPORT, LA US","1969-02","0","4","0","0.0","49.2","58.6","39.7"
"USW00013957","SHREVEPORT REGIONAL AIRPORT, LA US","1969-03","0","6","0","0.0","50.1","59.6","40.6"
"USW00013957","SHREVEPORT REGIONAL AIRPORT, LA US","1969-04","0","26","0","0.0","65.1","75.1","55.2"
"USW00013957","SHREVEPORT REGIONAL AIRPORT, LA US","1969-05","0","30","4","0.0","72.4","82.8","62.0"
"USW00013957","SHREVEPORT REGIONAL AIRPORT, LA US","1969-06","0","30","19","0.0","80.5","90.8","70.1"
"USW00013957","SHREVEPORT REGIONAL AIRPORT, LA US","1969-07","0","31","30","0.0","86.5","97.6","75.5"
"USW00013957","SHREVEPORT REGIONAL AIRPORT, LA US","1969-08","0","31","29","0.0","84.3","96.2","72.4"
"USW00013957","SHREVEPORT REGIONAL AIRPORT, LA US","1969-09","0","30","16","0.0","78.2","89.5","66.8"
"USW00013957","SHREVEPORT REGIONAL AIRPORT, LA US","1969-10","0","22","7","0.0","67.7","78.7","56.8"
"USW00013957","SHREVEPORT REGIONAL AIRPORT, LA US","1969-11","0","13","0","0.0","54.7","66.9","42.5"
"USW00013957","SHREVEPORT REGIONAL AIRPORT, LA US","1969-12","0","4","0","0.0","48.3","57.9","38.7"
"USW00013957","SHREVEPORT REGIONAL AIRPORT, LA US","1970-01","1","4","0","0.0","42.0","51.1","32.9"
"USW00013957","SHREVEPORT REGIONAL AIRPORT, LA US","1970-02","0","4","0","0.0","49.4","60.1","38.6"
"USW00013957","SHREVEPORT REGIONAL AIRPORT, LA US","1970-03","0","7","0","0.0","53.8","63.3","44.2"
"USW00013957","SHREVEPORT REGIONAL AIRPORT, LA US","1970-04","0","25","0","0.0","67.4","77.2","57.6"
"USW00013957","SHREVEPORT REGIONAL AIRPORT, LA US","1970-05","0","30","2","0.0","72.7","83.8","61.5"
"USW00013957","SHREVEPORT REGIONAL AIRPORT, LA US","1970-06","0","30","17","0.0","78.8","88.5","69.0"
"USW00013957","SHREVEPORT REGIONAL AIRPORT, LA US","1970-07","0","31","22","0.0","81.7","91.2","72.2"
"USW00013957","SHREVEPORT REGIONAL AIRPORT, LA US","1970-08","0","31","27","0.0","84.3","94.1","74.5"
"USW00013957","SHREVEPORT REGIONAL AIRPORT, LA US","1970-09","0","30","20","0.0","81.1","91.1","71.2"
"USW00013957","SHREVEPORT REGIONAL AIRPORT, LA US","1970-10","0","20","4","0.0","65.0","75.6","54.5"
"USW00013957","SHREVEPORT REGIONAL AIRPORT, LA US","1970-11","0","14","0","0.0","54.7","66.1","43.2"
"USW00013957","SHREVEPORT REGIONAL AIRPORT, LA US","1970-12","0","11","0","0.0","54.4","64.7","44.0"
"USW00013957","SHREVEPORT REGIONAL AIRPORT, LA US","1971-01","1","11","0","0.8","50.6","61.6","39.7"
"USW00013957","SHREVEPORT REGIONAL AIRPORT, LA US","1971-02","0","11","0","0.6","50.6","63.8","37.4"
"USW00013957","SHREVEPORT REGIONAL AIRPORT, LA US","1971-03","0","15","0","0.3","55.4","68.1","42.6"
"USW00013957","SHREVEPORT REGIONAL AIRPORT, LA US","1971-04","0","25","0","0.0","64.3","76.9","51.7"
"USW00013957","SHREVEPORT REGIONAL AIRPORT, LA US","1971-05","0","30","0","0.0","70.7","81.9","59.6"
"USW00013957","SHREVEPORT REGIONAL AIRPORT, LA US","1971-06","0","30","27","0.0","81.7","92.9","70.4"
"USW00013957","SHREVEPORT REGIONAL AIRPORT, LA US","1971-07","0","31","22","0.0","83.3","93.1","73.5"
"USW00013957","SHREVEPORT REGIONAL AIRPORT, LA US","1971-08","0","31","22","0.0","80.6","89.8","71.3"
"USW00013957","SHREVEPORT REGIONAL AIRPORT, LA US","1971-09","0","28","19","0.0","78.1","88.1","68.0"
"USW00013957","SHREVEPORT REGIONAL AIRPORT, LA US","1971-10","0","31","2","0.0","70.7","81.6","59.7"
"USW00013957","SHREVEPORT REGIONAL AIRPORT, LA US","1971-11","0","17","0","0.0","56.4","69.0","43.8"
"USW00013957","SHREVEPORT REGIONAL AIRPORT, LA US","1971-12","0","12","0","0.0","55.3","64.4","46.2"
"USW00013957","SHREVEPORT REGIONAL AIRPORT, LA US","1972-01","1","10","0","0.0","49.4","59.9","38.8"
"USW00013957","SHREVEPORT REGIONAL AIRPORT, LA US","1972-02","0","9","0","0.0","51.9","64.0","39.8"
"USW00013957","SHREVEPORT REGIONAL AIRPORT, LA US","1972-03","0","20","0","0.0","59.8","72.5","47.1"
"USW00013957","SHREVEPORT REGIONAL AIRPORT, LA US","1972-04","0","25","0","0.0","66.9","78.4","55.4"
"USW00013957","SHREVEPORT REGIONAL AIRPORT, LA US","1972-05","0","31","4","0.0","72.3","83.9","60.7"
"USW00013957","SHREVEPORT REGIONAL AIRPORT, LA US","1972-06","0","30","19","0.0","80.9","91.5","70.1"
"USW00013957","SHREVEPORT REGIONAL AIRPORT, LA US","1972-07","0","31","22","0.0","80.9","91.2","70.7"
"USW00013957","SHREVEPORT REGIONAL AIRPORT, LA US","1972-08","0","31","31","0.0","82.6","93.5","71.7"
"USW00013957","SHREVEPORT REGIONAL AIRPORT, LA US","1972-09","0","29","22","0.0","80.1","90.6","69.7"
"USW00013957","SHREVEPORT REGIONAL AIRPORT, LA US","1972-10","0","23","6","0.0","67.2","77.6","56.9"
"USW00013957","SHREVEPORT REGIONAL AIRPORT, LA US","1972-11","0","9","0","0.0","50.8","59.4","42.3"
"USW00013957","SHREVEPORT REGIONAL AIRPORT, LA US","1972-12","0","4","0","0.0","45.5","55.7","35.3"
"USW00013957","SHREVEPORT REGIONAL AIRPORT, LA US","1973-01","3","5","0","0.6","44.6","53.9","35.4"
"USW00013957","SHREVEPORT REGIONAL AIRPORT, LA US","1973-02","0","4","0","0.0","49.5","59.6","39.3"
"USW00013957","SHREVEPORT REGIONAL AIRPORT, LA US","1973-03","0","17","0","0.0","60.9","71.0","50.7"
"USW00013957","SHREVEPORT REGIONAL AIRPORT, LA US","1973-04","0","22","0","0.0","62.0","72.3","51.7"
"USW00013957","SHREVEPORT REGIONAL AIRPORT, LA US","1973-05","0","31","2","0.0","71.7","83.2","60.2"
"USW00013957","SHREVEPORT REGIONAL AIRPORT, LA US","1973-06","0","30","13","0.0","78.5","88.0","68.9"
"USW00013957","SHREVEPORT REGIONAL AIRPORT, LA US","1973-07","0","31","21","0.0","81.1","90.6","71.5"
"USW00013957","SHREVEPORT REGIONAL AIRPORT, LA US","1973-08","0","31","19","0.0","78.2","89.4","67.0"
"USW00013957","SHREVEPORT REGIONAL AIRPORT, LA US","1973-09","0","30","2","0.0","74.9","83.9","65.9"
"USW00013957","SHREVEPORT REGIONAL AIRPORT, LA US","1973-10","0","28","0","0.0","68.1","79.1","57.1"
"USW00013957","SHREVEPORT REGIONAL AIRPORT, LA US","1973-11","0","22","0","0.0","61.4","72.9","50.0"
"USW00013957","SHREVEPORT REGIONAL AIRPORT, LA US","1973-12","0","6","0","0.0","46.8","59.7","33.9"
"USW00013957","SHREVEPORT REGIONAL AIRPORT, LA US","1974-01","3","6","0","0.0","47.8","55.8","39.8"
"USW00013957","SHREVEPORT REGIONAL AIRPORT, LA US","1974-02","0","7","0","0.0","51.2","64.0","38.4"
"USW00013957","SHREVEPORT REGIONAL AIRPORT, LA US","1974-03","0","22","1","0.0","63.6","74.4","52.7"
"USW00013957","SHREVEPORT REGIONAL AIRPORT, LA US","1974-04","0","28","0","0.0","64.3","77.2","51.4"
"USW00013957","SHREVEPORT REGIONAL AIRPORT, LA US","1974-05","0","30","2","0.0","73.9","83.4","64.5"
"USW00013957","SHREVEPORT REGIONAL AIRPORT, LA US","1974-06","0","30","9","0.0","76.6","86.8","66.3"
"USW00013957","SHREVEPORT REGIONAL AIRPORT, LA US","1974-07","0","31","26","0.0","82.1","92.5","71.7"
"USW00013957","SHREVEPORT REGIONAL AIRPORT, LA US","1974-08","0","31","21","0.0","80.1","90.6","69.5"
"USW00013957","SHREVEPORT REGIONAL AIRPORT, LA US","1974-09","0","28","1","0.0","71.0","79.0","62.9"
"USW00013957","SHREVEPORT REGIONAL AIRPORT, LA US","1974-10","0","30","0","0.0","66.2","78.4","54.0"
"USW00013957","SHREVEPORT REGIONAL AIRPORT, LA US","1974-11","0","10","0","0.0","55.6","65.7","45.5"
"USW00013957","SHREVEPORT REGIONAL AIRPORT, LA US","1974-12","0","4","0","0.0","47.2","57.6","36.8"
"USW00013957","SHREVEPORT REGIONAL AIRPORT, LA US","1975-01","0","6","0","3.4","50.3","61.7","38.8"
"USW00013957","SHREVEPORT REGIONAL AIRPORT, LA US","1975-02","0","6","0","0.0","48.4","60.2","36.6"
"USW00013957","SHREVEPORT REGIONAL AIRPORT, LA US","1975-03","0","13","0","0.0","55.6","66.4","44.7"
"USW00013957","SHREVEPORT REGIONAL AIRPORT, LA US","1975-04","0","24","0","0.0","63.6","75.0","52.3"
"USW00013957","SHREVEPORT REGIONAL AIRPORT, LA US","1975-05","0","29","0","0.0","72.4","81.9","62.9"
"USW00013957","SHREVEPORT REGIONAL AIRPORT, LA US","1975-06","0","30","14","0.0","78.2","88.5","67.8"
"USW00013957","SHREVEPORT REGIONAL AIRPORT, LA US","1975-07","0","31","21","0.0","80.9","91.0","70.7"
"USW00013957","SHREVEPORT REGIONAL AIRPORT, LA US","1975-08","0","31","25","0.0","80.7","92.0","69.4"
"USW00013957","SHREVEPORT REGIONAL AIRPORT, LA US","1975-09","0","30","10","0.0","73.7","86.1","61.3"
"USW00013957","SHREVEPORT REGIONAL AIRPORT, LA US","1975-10","0","30","3","0.0","68.0","82.0","54.0"
"USW00013957","SHREVEPORT REGIONAL AIRPORT, LA US","1975-11","0","18","0","0.0","56.3","69.1","43.5"
"USW00013957","SHREVEPORT REGIONAL AIRPORT, LA US","1975-12","0","7","0","0.0","49.3","60.7","37.9"
"USW00013957","SHREVEPORT REGIONAL AIRPORT, LA US","1976-01","0","5","0","0.0","47.1","60.9","33.3"
"USW00013957","SHREVEPORT REGIONAL AIRPORT, LA US","1976-02","0","23","0","0.0","59.2","73.0","45.4"
"USW00013957","SHREVEPORT REGIONAL AIRPORT, LA US","1976-03","0","19","0","0.0","60.2","70.8","49.5"
"USW00013957","SHREVEPORT REGIONAL AIRPORT, LA US","1976-04","0","27","0","0.0","67.3","79.7","54.9"
"USW00013957","SHREVEPORT REGIONAL AIRPORT, LA US","1976-05","0","29","0","0.0","67.9","79.3","56.4"
"USW00013957","SHREVEPORT REGIONAL AIRPORT, LA US","1976-06","0","30","5","0.0","75.6","86.2","65.1"
"USW00013957","SHREVEPORT REGIONAL AIRPORT, LA US","1976-07","0","31","14","0.0","78.5","88.5","68.6"
"USW00013957","SHREVEPORT REGIONAL AIRPORT, LA US","1976-08","0","31","24","0.0","78.7","91.4","66.0"
"USW00013957","SHREVEPORT REGIONAL AIRPORT, LA US","1976-09","0","30","9","0.0","74.3","86.0","62.6"
"USW00013957","SHREVEPORT REGIONAL AIRPORT, LA US","1976-10","0","18","0","0.0","59.9","72.6","47.2"
"USW00013957","SHREVEPORT REGIONAL AIRPORT, LA US","1976-11","0","9","0","0.0","49.2","61.8","36.7"
"USW00013957","SHREVEPORT REGIONAL AIRPORT, LA US","1976-12","0","1","0","0.0","46.3","59.3","33.3"
"USW00013957","SHREVEPORT REGIONAL AIRPORT, LA US","1977-01","1","0","0","5.4","37.3","48.0","26.5"
"USW00013957","SHREVEPORT REGIONAL AIRPORT, LA US","1977-02","0","10","0","0.0","50.8","65.0","36.6"
"USW00013957","SHREVEPORT REGIONAL AIRPORT, LA US","1977-03","0","19","0","0.0","59.6","72.3","46.8"
"USW00013957","SHREVEPORT REGIONAL AIRPORT, LA US","1977-04","0","27","0","0.0","65.5","78.2","52.8"
"USW00013957","SHREVEPORT REGIONAL AIRPORT, LA US","1977-05","0","30","6","0.0","74.1","85.9","62.3"
"USW00013957","SHREVEPORT REGIONAL AIRPORT, LA US","1977-06","0","30","24","0.0","79.5","91.2","67.7"
"USW00013957","SHREVEPORT REGIONAL AIRPORT, LA US","1977-07","0","31","30","0.0","83.5","95.6","71.4"
"USW00013957","SHREVEPORT REGIONAL AIRPORT, LA US","1977-08","0","31","22","0.0","80.3","90.1","70.4"
"USW00013957","SHREVEPORT REGIONAL AIRPORT, LA US","1977-09","0","30","20","0.0","78.7","89.7","67.7"
"USW00013957","SHREVEPORT REGIONAL AIRPORT, LA US","1977-10","0","28","1","0.0","66.3","80.1","52.4"
"USW00013957","SHREVEPORT REGIONAL AIRPORT, LA US","1977-11","0","18","0","0.0","56.5","67.7","45.2"
"USW00013957","SHREVEPORT REGIONAL AIRPORT, LA US","1977-12","0","7","0","0.0","47.3","59.2","35.4"
"USW00013957","SHREVEPORT REGIONAL AIRPORT, LA US","1978-01","7","2","0","5.9","34.8","42.9","26.8"
"USW00013957","SHREVEPORT REGIONAL AIRPORT, LA US","1978-02","3","3","0","2.0","38.1","49.0","27.2"
"USW00013957","SHREVEPORT REGIONAL AIRPORT, LA US","1978-03","0","16","0","0.3","52.8","66.6","39.0"
"USW00013957","SHREVEPORT REGIONAL AIRPORT, LA US","1978-04","0","28","0","0.0","65.4","79.3","51.6"
"USW00013957","SHREVEPORT REGIONAL AIRPORT, LA US","1978-05","0","28","13","0.0","73.6","84.8","62.4"
"USW00013957","SHREVEPORT REGIONAL AIRPORT, LA US","1978-06","0","30","22","0.0","80.5","92.3","68.7"
"USW00013957","SHREVEPORT REGIONAL AIRPORT, LA US","1978-07","0","31","30","0.0","85.3","98.3","72.3"
"USW00013957","SHREVEPORT REGIONAL AIRPORT, LA US","1978-08","0","31","26","0.0","83.2","95.4","71.1"
"USW00013957","SHREVEPORT REGIONAL AIRPORT, LA US","1978-09","0","30","15","0.0","77.7","87.1","68.4"
"USW00013957","SHREVEPORT REGIONAL AIRPORT, LA US","1978-10","0","31","0","0.0","66.0","80.1","51.9"
"USW00013957","SHREVEPORT REGIONAL AIRPORT, LA US","1978-11","0","17","0","0.0","59.9","70.5","49.3"
"USW00013957","SHREVEPORT REGIONAL AIRPORT, LA US","1978-12","0","6","0","0.0","47.9","59.4","36.4"
"USW00013957","SHREVEPORT REGIONAL AIRPORT, LA US","1979-01","2","0","0","0.0","37.3","45.1","29.6"
"USW00013957","SHREVEPORT REGIONAL AIRPORT, LA US","1979-02","0","6","0","1.5","46.6","55.3","37.9"
"USW00013957","SHREVEPORT REGIONAL AIRPORT, LA US","1979-03","0","17","0","0.0","59.1","70.5","47.6"
"USW00013957","SHREVEPORT REGIONAL AIRPORT, LA US","1979-04","0","24","0","0.0","66.0","76.1","55.9"
"USW00013957","SHREVEPORT REGIONAL AIRPORT, LA US","1979-05","0","30","1","0.0","70.2","81.1","59.3"
"USW00013957","SHREVEPORT REGIONAL AIRPORT, LA US","1979-06","0","30","13","0.0","78.0","87.7","68.2"
"USW00013957","SHREVEPORT REGIONAL AIRPORT, LA US","1979-07","0","31","23","0.0","81.2","90.1","72.2"
"USW00013957","SHREVEPORT REGIONAL AIRPORT, LA US","1979-08","0","31","21","0.0","80.3","90.7","69.9"
"USW00013957","SHREVEPORT REGIONAL AIRPORT, LA US","1979-09","0","30","10","0.0","74.2","84.7","63.7"
"USW00013957","SHREVEPORT REGIONAL AIRPORT, LA US","1979-10","0","28","3","0.0","67.0","80.5","53.5"
"USW00013957","SHREVEPORT REGIONAL AIRPORT, LA US","1979-11","0","11","0","0.0","52.8","65.0","40.6"
"USW00013957","SHREVEPORT REGIONAL AIRPORT, LA US","1979-12","0","6","0","0.0","48.8","60.6","37.1"
"USW00013957","SHREVEPORT REGIONAL AIRPORT, LA US","1980-01","0","5","0","0.0","48.3","56.9","39.7"
"USW00013957","SHREVEPORT REGIONAL AIRPORT, LA US","1980-02","0","9","0","1.4","47.9","59.1","36.7"
"USW00013957","SHREVEPORT REGIONAL AIRPORT, LA US","1980-03","0","13","0","0.0","54.8","66.2","43.5"
"USW00013957","SHREVEPORT REGIONAL AIRPORT, LA US","1980-04","0","25","0","0.0","63.0","75.3","50.6"
"USW00013957","SHREVEPORT REGIONAL AIRPORT, LA US","1980-05","0","31","7","0.0","74.3","84.3","64.3"
"USW00013957","SHREVEPORT REGIONAL AIRPORT, LA US","1980-06","0","30","27","0.0","83.4","94.1","72.7"
"USW00013957","SHREVEPORT REGIONAL AIRPORT, LA US","1980-07","0","31","31","0.0","86.9","99.7","74.2"
"USW00013957","SHREVEPORT REGIONAL AIRPORT, LA US","1980-08","0","31","31","0.0","85.5","98.4","72.6"
"USW00013957","SHREVEPORT REGIONAL AIRPORT, LA US","1980-09","0","29","25","0.0","82.1","94.2","70.0"
"USW00013957","SHREVEPORT REGIONAL AIRPORT, LA US","1980-10","0","26","3","0.0","63.5","78.2","48.7"
"USW00013957","SHREVEPORT REGIONAL AIRPORT, LA US","1980-11","0","15","0","1.3","54.1","66.2","42.1"
"USW00013957","SHREVEPORT REGIONAL AIRPORT, LA US","1980-12","0","7","0","0.0","49.1","61.5","36.6"
"USW00013957","SHREVEPORT REGIONAL AIRPORT, LA US","1981-01","0","5","0","0.7","44.7","56.4","33.0"
"USW00013957","SHREVEPORT REGIONAL AIRPORT, LA US","1981-02","1","11","0","0.1","49.7","61.8","37.7"
"USW00013957","SHREVEPORT REGIONAL AIRPORT, LA US","1981-03","0","13","0","0.0","55.9","68.2","43.7"
"USW00013957","SHREVEPORT REGIONAL AIRPORT, LA US","1981-04","0","30","0","0.0","69.9","81.3","58.6"
"USW00013957","SHREVEPORT REGIONAL AIRPORT, LA US","1981-05","0","29","0","0.0","69.2","79.2","59.2"
"USW00013957","SHREVEPORT REGIONAL AIRPORT, LA US","1981-06","0","30","19","0.0","80.2","89.4","71.0"
"USW00013957","SHREVEPORT REGIONAL AIRPORT, LA US","1981-07","0","31","24","0.0","82.7","92.0","73.5"
"USW00013957","SHREVEPORT REGIONAL AIRPORT, LA US","1981-08","0","31","25","0.0","81.3","92.3","70.2"
"USW00013957","SHREVEPORT REGIONAL AIRPORT, LA US","1981-09","0","30","8","0.0","73.9","85.6","62.1"
"USW00013957","SHREVEPORT REGIONAL AIRPORT, LA US","1981-10","0","21","3","0.0","64.9","75.2","54.7"
"USW00013957","SHREVEPORT REGIONAL AIRPORT, LA US","1981-11","0","19","0","0.0","56.7","70.4","43.1"
"USW00013957","SHREVEPORT REGIONAL AIRPORT, LA US","1981-12","0","5","0","0.0","46.8","58.2","35.6"
"USW00013957","SHREVEPORT REGIONAL AIRPORT, LA US","1982-01","2","7","0","5.6","46.1","57.6","34.6"
"USW00013957","SHREVEPORT REGIONAL AIRPORT, LA US","1982-02","1","7","0","0.0","45.6","55.3","35.9"
"USW00013957","SHREVEPORT REGIONAL AIRPORT, LA US","1982-03","0","18","0","0.0","61.4","71.1","51.8"
"USW00013957","SHREVEPORT REGIONAL AIRPORT, LA US","1982-04","0","20","0","0.0","63.3","72.9","53.6"
"USW00013957","SHREVEPORT REGIONAL AIRPORT, LA US","1982-05","0","31","4","0.0","74.3","84.6","64.0"
"USW00013957","SHREVEPORT REGIONAL AIRPORT, LA US","1982-06","0","30","16","0.0","78.6","88.8","68.3"
"USW00013957","SHREVEPORT REGIONAL AIRPORT, LA US","1982-07","0","31","30","0.0","83.2","94.0","72.5"
"USW00013957","SHREVEPORT REGIONAL AIRPORT, LA US","1982-08","0","31","29","0.0","83.2","93.6","72.8"
"USW00013957","SHREVEPORT REGIONAL AIRPORT, LA US","1982-09","0","30","15","0.0","75.6","87.8","63.3"
"USW00013957","SHREVEPORT REGIONAL AIRPORT, LA US","1982-10","0","21","2","0.0","64.6","75.0","54.1"
"USW00013957","SHREVEPORT REGIONAL AIRPORT, LA US","1982-11","0","13","0","0.0","55.3","64.2","46.5"
"USW00013957","SHREVEPORT REGIONAL AIRPORT, LA US","1982-12","0","8","0","0.0","51.1","60.4","41.9"
"USW00013957","SHREVEPORT REGIONAL AIRPORT, LA US","1983-01","0","3","0","0.0","44.6","54.1","35.1"
"USW00013957","SHREVEPORT REGIONAL AIRPORT, LA US","1983-02","0","4","0","0.0","48.7","58.5","38.9"
"USW00013957","SHREVEPORT REGIONAL AIRPORT, LA US","1983-03","0","14","0","0.0","54.9","67.6","42.2"
"USW00013957","SHREVEPORT REGIONAL AIRPORT, LA US","1983-04","0","19","0","0.0","59.7","70.7","48.7"
"USW00013957","SHREVEPORT REGIONAL AIRPORT, LA US","1983-05","0","30","0","0.0","70.0","80.4","59.5"
"USW00013957","SHREVEPORT REGIONAL AIRPORT, LA US","1983-06","0","30","5","0.0","77.4","86.3","68.6"
"USW00013957","SHREVEPORT REGIONAL AIRPORT, LA US","1983-07","0","31","23","0.0","82.2","91.1","73.3"
"USW00013957","SHREVEPORT REGIONAL AIRPORT, LA US","1983-08","0","31","31","0.0","84.0","94.8","73.2"
"USW00013957","SHREVEPORT REGIONAL AIRPORT, LA US","1983-09","0","29","15","0.0","75.6","87.7","63.6"
"USW00013957","SHREVEPORT REGIONAL AIRPORT, LA US","1983-10","0","27","0","0.0","66.6","79.1","54.2"
"USW00013957","SHREVEPORT REGIONAL AIRPORT, LA US","1983-11","0","11","0","0.0","55.8","66.8","44.9"
"USW00013957","SHREVEPORT REGIONAL AIRPORT, LA US","1983-12","8","1","0","5.4","37.5","45.5","29.4"
"USW00013957","SHREVEPORT REGIONAL AIRPORT, LA US","1984-01","0","3","0","0.0","40.6","51.7","29.6"
"USW00013957","SHREVEPORT REGIONAL AIRPORT, LA US","1984-02","0","9","0","0.0","50.4","63.1","37.6"
"USW00013957","SHREVEPORT REGIONAL AIRPORT, LA US","1984-03","0","15","0","0.0","58.0","69.1","46.9"
"USW00013957","SHREVEPORT REGIONAL AIRPORT, LA US","1984-04","0","26","0","0.0","64.9","76.8","52.9"
"USW00013957","SHREVEPORT REGIONAL AIRPORT, LA US","1984-05","0","30","6","0.0","72.0","83.4","60.6"
"USW00013957","SHREVEPORT REGIONAL AIRPORT, LA US","1984-06","0","30","20","0.0","79.3","90.0","68.6"
"USW00013957","SHREVEPORT REGIONAL AIRPORT, LA US","1984-07","0","31","23","0.0","81.1","91.6","70.6"
"USW00013957","SHREVEPORT REGIONAL AIRPORT, LA US","1984-08","0","31","27","0.0","82.1","93.3","70.9"
"USW00013957","SHREVEPORT REGIONAL AIRPORT, LA US","1984-09","0","26","14","0.0","75.0","85.7","64.3"
"USW00013957","SHREVEPORT REGIONAL AIRPORT, LA US","1984-10","0","27","1","0.0","70.6","79.6","61.6"
"USW00013957","SHREVEPORT REGIONAL AIRPORT, LA US","1984-11","0","12","0","0.0","56.4","67.3","45.5"
"USW00013957","SHREVEPORT REGIONAL AIRPORT, LA US","1984-12","0","21","0","0.0","60.0","69.0","50.9"
"USW00013957","SHREVEPORT REGIONAL AIRPORT, LA US","1985-01","0","0","0","0.4","40.0","49.8","30.2"
"USW00013957","SHREVEPORT REGIONAL AIRPORT, LA US","1985-02","3","4","0","4.4","46.1","55.8","36.4"
"USW00013957","SHREVEPORT REGIONAL AIRPORT, LA US","1985-03","0","18","0","0.0","61.4","72.3","50.5"
"USW00013957","SHREVEPORT REGIONAL AIRPORT, LA US","1985-04","0","30","0","0.0","67.0","78.6","55.3"
"USW00013957","SHREVEPORT REGIONAL AIRPORT, LA US","1985-05","0","31","3","0.0","72.8","83.6","62.0"
"USW00013957","SHREVEPORT REGIONAL AIRPORT, LA US","1985-06","0","30","19","0.0","79.3","90.2","68.4"
"USW00013957","SHREVEPORT REGIONAL AIRPORT, LA US","1985-07","0","31","29","0.0","83.1","93.1","73.1"
"USW00013957","SHREVEPORT REGIONAL AIRPORT, LA US","1985-08","0","31","29","0.0","84.8","96.0","73.6"
"USW00013957","SHREVEPORT REGIONAL AIRPORT, LA US","1985-09","0","29","14","0.0","76.2","87.8","64.7"
"USW00013957","SHREVEPORT REGIONAL AIRPORT, LA US","1985-10","0","25","1","0.0","68.5","77.3","59.6"
"USW00013957","SHREVEPORT REGIONAL AIRPORT, LA US","1985-11","0","18","0","0.0","61.5","70.8","52.2"
"USW00013957","SHREVEPORT REGIONAL AIRPORT, LA US","1985-12","0","4","0","0.0","44.2","56.2","32.2"
"USW00013957","SHREVEPORT REGIONAL AIRPORT, LA US","1986-01","0","6","0","0.0","49.0","61.8","36.2"
"USW00013957","SHREVEPORT REGIONAL AIRPORT, LA US","1986-02","0","13","0","0.0","54.4","65.6","43.1"
"USW00013957","SHREVEPORT REGIONAL AIRPORT, LA US","1986-03","0","24","0","0.0","59.6","74.2","45.1"
"USW00013957","SHREVEPORT REGIONAL AIRPORT, LA US","1986-04","0","30","0","0.0","66.5","77.9","55.0"
"USW00013957","SHREVEPORT REGIONAL AIRPORT, LA US","1986-05","0","31","1","0.0","72.3","82.7","61.9"
"USW00013957","SHREVEPORT REGIONAL AIRPORT, LA US","1986-06","0","30","16","0.0","79.9","89.4","70.4"
"USW00013957","SHREVEPORT REGIONAL AIRPORT, LA US","1986-07","0","31","31","0.0","83.7","94.5","72.8"
"USW00013957","SHREVEPORT REGIONAL AIRPORT, LA US","1986-08","0","31","26","0.0","80.8","92.6","68.9"
"USW00013957","SHREVEPORT REGIONAL AIRPORT, LA US","1986-09","0","30","19","0.0","79.4","89.7","69.1"
"USW00013957","SHREVEPORT REGIONAL AIRPORT, LA US","1986-10","0","26","4","0.0","65.2","75.8","54.6"
"USW00013957","SHREVEPORT REGIONAL AIRPORT, LA US","1986-11","0","11","0","0.0","55.6","62.9","48.3"
"USW00013957","SHREVEPORT REGIONAL AIRPORT, LA US","1986-12","0","0","0","0.0","46.1","54.4","37.8"
"USW00013957","SHREVEPORT REGIONAL AIRPORT, LA US","1987-01","0","3","0","0.0","44.8","55.7","33.9"
"USW00013957","SHREVEPORT REGIONAL AIRPORT, LA US","1987-02","0","7","0","0.0","51.7","61.1","42.2"
"USW00013957","SHREVEPORT REGIONAL AIRPORT, LA US","1987-03","0","16","0","0.0","55.7","69.2","42.2"
"USW00013957","SHREVEPORT REGIONAL AIRPORT, LA US","1987-04","0","24","5","0.3","64.2","79.6","48.8"
"USW00013957","SHREVEPORT REGIONAL AIRPORT, LA US","1987-05","0","31","5","0.0","75.3","85.8","64.7"
"USW00013957","SHREVEPORT REGIONAL AIRPORT, LA US","1987-06","0","30","16","0.0","79.1","89.7","68.5"
"USW00013957","SHREVEPORT REGIONAL AIRPORT, LA US","1987-07","0","31","27","0.0","82.3","93.3","71.3"
"USW00013957","SHREVEPORT REGIONAL AIRPORT, LA US","1987-08","0","31","28","0.0","85.3","96.1","74.4"
"USW00013957","SHREVEPORT REGIONAL AIRPORT, LA US","1987-09","0","30","14","0.0","76.7","89.4","64.0"
"USW00013957","SHREVEPORT REGIONAL AIRPORT, LA US","1987-10","0","28","1","0.0","64.0","78.2","49.9"
"USW00013957","SHREVEPORT REGIONAL AIRPORT, LA US","1987-11","0","13","0","0.0","56.1","68.0","44.1"
"USW00013957","SHREVEPORT REGIONAL AIRPORT, LA US","1987-12","0","6","0","0.0","50.2","60.0","40.4"
"USW00013957","SHREVEPORT REGIONAL AIRPORT, LA US","1988-01","3","4","0","1.2","42.2","52.8","31.6"
"USW00013957","SHREVEPORT REGIONAL AIRPORT, LA US","1988-02","0","8","0","0.8","49.3","61.3","37.2"
"USW00013957","SHREVEPORT REGIONAL AIRPORT, LA US","1988-03","0","15","0","0.0","56.3","68.9","43.7"
"USW00013957","SHREVEPORT REGIONAL AIRPORT, LA US","1988-04","0","28","0","0.0","65.2","78.7","51.7"
"USW00013957","SHREVEPORT REGIONAL AIRPORT, LA US","1988-05","0","31","6","0.0","71.8","85.1","58.5"
"USW00013957","SHREVEPORT REGIONAL AIRPORT, LA US","1988-06","0","30","23","0.0","79.8","93.0","66.6"
"USW00013957","SHREVEPORT REGIONAL AIRPORT, LA US","1988-07","0","31","26","0.0","83.3","94.7","71.9"
"USW00013957","SHREVEPORT REGIONAL AIRPORT, LA US","1988-08","0","31","26","0.0","83.7","93.9","73.5"
"USW00013957","SHREVEPORT REGIONAL AIRPORT, LA US","1988-09","0","30","15","0.0","77.8","88.8","66.7"
"USW00013957","SHREVEPORT REGIONAL AIRPORT, LA US","1988-10","0","26","1","0.0","64.0","75.7","52.4"
"USW00013957","SHREVEPORT REGIONAL AIRPORT, LA US","1988-11","0","19","0","0.0","58.6","71.2","46.1"
"USW00013957","SHREVEPORT REGIONAL AIRPORT, LA US","1988-12","0","5","0","0.0","49.2","60.5","37.9"
"USW00013957","SHREVEPORT REGIONAL AIRPORT, LA US","1989-01","0","6","0","0.0","51.5","61.2","41.8"
"USW00013957","SHREVEPORT REGIONAL AIRPORT, LA US","1989-02","3","5","0","0.0","45.8","54.5","37.1"
"USW00013957","SHREVEPORT REGIONAL AIRPORT, LA US","1989-03","1","17","0","0.0","56.7","68.7","44.6"
"USW00013957","SHREVEPORT REGIONAL AIRPORT, LA US","1989-04","0","25","1","0.0","65.6","77.2","54.0"
"USW00013957","SHREVEPORT REGIONAL AIRPORT, LA US","1989-05","0","31","11","0.0","73.8","83.7","63.9"
"USW00013957","SHREVEPORT REGIONAL AIRPORT, LA US","1989-06","0","30","10","0.0","76.7","85.4","68.0"
"USW00013957","SHREVEPORT REGIONAL AIRPORT, LA US","1989-07","0","31","22","0.0","81.2","91.2","71.1"
"USW00013957","SHREVEPORT REGIONAL AIRPORT, LA US","1989-08","0","31","22","0.0","80.9","91.3","70.6"
"USW00013957","SHREVEPORT REGIONAL AIRPORT, LA US","1989-09","0","27","10","0.0","73.7","83.4","64.0"
"USW00013957","SHREVEPORT REGIONAL AIRPORT, LA US","1989-10","0","26","3","0.0","66.5","80.0","53.1"
"USW00013957","SHREVEPORT REGIONAL AIRPORT, LA US","1989-11","0","17","0","0.0","58.5","70.5","46.6"
"USW00013957","SHREVEPORT REGIONAL AIRPORT, LA US","1989-12","2","5","0","0.0","40.8","52.4","29.2"
"USW00013957","SHREVEPORT REGIONAL AIRPORT, LA US","1990-01","0","10","0","0.0","52.5","62.9","42.1"
"USW00013957","SHREVEPORT REGIONAL AIRPORT, LA US","1990-02","0","13","0","0.0","56.4","67.7","45.0"
"USW00013957","SHREVEPORT REGIONAL AIRPORT, LA US","1990-03","0","16","0","0.0","59.4","69.8","49.0"
"USW00013957","SHREVEPORT REGIONAL AIRPORT, LA US","1990-04","0","22","1","0.0","65.6","77.0","54.1"
"USW00013957","SHREVEPORT REGIONAL AIRPORT, LA US","1990-05","0","31","1","0.0","72.6","82.1","63.0"
"USW00013957","SHREVEPORT REGIONAL AIRPORT, LA US","1990-06","0","30","26","0.0","82.7","93.1","72.3"
"USW00013957","SHREVEPORT REGIONAL AIRPORT, LA US","1990-07","0","31","24","0.0","82.1","92.4","71.9"
"USW00013957","SHREVEPORT REGIONAL AIRPORT, LA US","1990-08","0","31","26","0.0","83.3","95.0","71.5"
"USW00013957","SHREVEPORT REGIONAL AIRPORT, LA US","1990-09","0","30","21","0.0","79.7","91.3","68.1"
"USW00013957","SHREVEPORT REGIONAL AIRPORT, LA US","1990-10","0","24","5","0.0","65.0","78.7","51.2"
"USW00013957","SHREVEPORT REGIONAL AIRPORT, LA US","1990-11","0","19","0","0.0","58.9","71.8","46.0"
"USW00013957","SHREVEPORT REGIONAL AIRPORT, LA US","1990-12","3","10","0","0.0","48.4","59.8","37.1"
"USW00013957","SHREVEPORT REGIONAL AIRPORT, LA US","1991-01","0","0","0","0.0","44.2","52.8","35.7"
"USW00013957","SHREVEPORT REGIONAL AIRPORT, LA US","1991-02","0","7","0","0.0","52.0","63.6","40.4"
"USW00013957","SHREVEPORT REGIONAL AIRPORT, LA US","1991-03","0","20","0","0.0","60.0","72.1","47.9"
"USW00013957","SHREVEPORT REGIONAL AIRPORT, LA US","1991-04","0","28","0","0.0","68.5","78.9","58.2"
"USW00013957","SHREVEPORT REGIONAL AIRPORT, LA US","1991-05","0","31","4","0.0","75.3","84.1","66.5"
"USW00013957","SHREVEPORT REGIONAL AIRPORT, LA US","1991-06","0","30","22","0.0","80.6","90.9","70.2"
"USW00013957","SHREVEPORT REGIONAL AIRPORT, LA US","1991-07","0","31","28","0.0","82.5","93.2","71.9"
"USW00013957","SHREVEPORT REGIONAL AIRPORT, LA US","1991-08","0","31","24","0.0","81.2","91.4","71.0"
"USW00013957","SHREVEPORT REGIONAL AIRPORT, LA US","1991-09","0","29","14","0.0","75.6","86.5","64.8"
"USW00013957","SHREVEPORT REGIONAL AIRPORT, LA US","1991-10","0","31","2","0.0","68.7","81.7","55.7"
"USW00013957","SHREVEPORT REGIONAL AIRPORT, LA US","1991-11","0","9","0","0.0","52.1","63.4","40.9"
"USW00013957","SHREVEPORT REGIONAL AIRPORT, LA US","1991-12","0","3","0","0.0","51.2","59.6","42.8"
"USW00013957","SHREVEPORT REGIONAL AIRPORT, LA US","1992-01","0","1","0","0.0","47.2","57.5","36.9"
"USW00013957","SHREVEPORT REGIONAL AIRPORT, LA US","1992-02","0","13","0","0.0","54.6","66.4","42.9"
"USW00013957","SHREVEPORT REGIONAL AIRPORT, LA US","1992-03","0","18","0","0.0","59.5","71.6","47.4"
"USW00013957","SHREVEPORT REGIONAL AIRPORT, LA US","1992-04","0","25","0","0.0","65.1","76.8","53.3"
"USW00013957","SHREVEPORT REGIONAL AIRPORT, LA US","1992-05","0","29","2","0.0","71.3","82.0","60.7"
"USW00013957","SHREVEPORT REGIONAL AIRPORT, LA US","1992-06","0","30","18","0.0","78.5","89.2","67.8"
"USW00013957","SHREVEPORT REGIONAL AIRPORT, LA US","1992-07","0","31","26","0.0","82.9","93.1","72.7"
"USW00013957","SHREVEPORT REGIONAL AIRPORT, LA US","1992-08","0","31","18","0.0","78.6","89.7","67.4"
"USW00013957","SHREVEPORT REGIONAL AIRPORT, LA US","1992-09","0","30","13","0.0","76.0","86.2","65.7"
"USW00013957","SHREVEPORT REGIONAL AIRPORT, LA US","1992-10","0","30","0","0.0","67.0","80.1","53.8"
"USW00013957","SHREVEPORT REGIONAL AIRPORT, LA US","1992-11","0","11","0","0.0","52.0","62.6","41.4"
"USW00013957","SHREVEPORT REGIONAL AIRPORT, LA US","1992-12","0","3","0","0.0","49.5","58.0","41.0"
"USW00013957","SHREVEPORT REGIONAL AIRPORT, LA US","1993-01","0","4","0","0.0","46.4","55.2","37.6"
"USW00013957","SHREVEPORT REGIONAL AIRPORT, LA US","1993-02","0","5","0","0.0","49.2","59.5","39.0"
"USW00013957","SHREVEPORT REGIONAL AIRPORT, LA US","1993-03","0","10","0","1.0","55.2","66.2","44.1"
"USW00013957","SHREVEPORT REGIONAL AIRPORT, LA US","1993-04","0","20","0","0.0","61.2","72.1","50.4"
"USW00013957","SHREVEPORT REGIONAL AIRPORT, LA US","1993-05","0","30","0","0.0","70.7","80.9","60.5"
"USW00013957","SHREVEPORT REGIONAL AIRPORT, LA US","1993-06","0","30","20","0.0","80.1","89.3","71.0"
"USW00013957","SHREVEPORT REGIONAL AIRPORT, LA US","1993-07","0","31","31","0.0","84.5","95.0","74.1"
"USW00013957","SHREVEPORT REGIONAL AIRPORT, LA US","1993-08","0","31","29","0.0","84.7","96.2","73.3"
"USW00013957","SHREVEPORT REGIONAL AIRPORT, LA US","1993-09","0","29","17","0.0","77.3","89.3","65.3"
"USW00013957","SHREVEPORT REGIONAL AIRPORT, LA US","1993-10","0","22","1","0.0","64.4","74.7","54.0"
"USW00013957","SHREVEPORT REGIONAL AIRPORT, LA US","1993-11","0","8","0","0.0","51.9","63.3","40.6"
"USW00013957","SHREVEPORT REGIONAL AIRPORT, LA US","1993-12","0","6","0","0.0","49.1","60.0","38.2"
"USW00013957","SHREVEPORT REGIONAL AIRPORT, LA US","1994-01","0","2","0","0.0","46.4","56.3","36.4"
"USW00013957","SHREVEPORT REGIONAL AIRPORT, LA US","1994-02","0","10","0","0.4","51.2","62.9","39.5"
"USW00013957","SHREVEPORT REGIONAL AIRPORT, LA US","1994-03","0","20","0","0.0","58.0","70.6","45.4"
"USW00013957","SHREVEPORT REGIONAL AIRPORT, LA US","1994-04","0","28","0","0.0","66.7","78.9","54.5"
"USW00013957","SHREVEPORT REGIONAL AIRPORT, LA US","1994-05","0","28","0","0.0","70.9","80.3","61.5"
"USW00013957","SHREVEPORT REGIONAL AIRPORT, LA US","1994-06","0","30","25","0.0","81.4","91.4","71.4"
"USW00013957","SHREVEPORT REGIONAL AIRPORT, LA US","1994-07","0","31","24","0.0","82.1","92.3","71.9"
"USW00013957","SHREVEPORT REGIONAL AIRPORT, LA US","1994-08","0","31","25","0.0","81.1","91.9","70.3"
"USW00013957","SHREVEPORT REGIONAL AIRPORT, LA US","1994-09","0","30","18","0.0","76.3","89.0","63.6"
"USW00013957","SHREVEPORT REGIONAL AIRPORT, LA US","1994-10","0","23","6","0.0","67.0","77.0","56.9"
"USW00013957","SHREVEPORT REGIONAL AIRPORT, LA US","1994-11","0","16","0","0.0","59.9","69.7","50.2"
"USW00013957","SHREVEPORT REGIONAL AIRPORT, LA US","1994-12","0","2","0","0.0","51.1","60.2","41.9"
"USW00013957","SHREVEPORT REGIONAL AIRPORT, LA US","1995-01","0","4","0","0.0","48.1","57.8","38.4"
"USW00013957","SHREVEPORT REGIONAL AIRPORT, LA US","1995-02","0","11","0","0.0","53.1","64.7","41.5"
"USW00013957","SHREVEPORT REGIONAL AIRPORT, LA US","1995-03","0","17","1","0.0","59.4","69.6","49.2"
"USW00013957","SHREVEPORT REGIONAL AIRPORT, LA US","1995-04","0","24","0","0.0","64.6","76.1","53.1"
"USW00013957","SHREVEPORT REGIONAL AIRPORT, LA US","1995-05","0","30","6","0.0","73.8","83.9","63.8"
"USW00013957","SHREVEPORT REGIONAL AIRPORT, LA US","1995-06","0","30","24","0.0","78.9","90.6","67.3"
"USW00013957","SHREVEPORT REGIONAL AIRPORT, LA US","1995-07","0","31","29","0.0","84.1","94.6","73.7"
"USW00013957","SHREVEPORT REGIONAL AIRPORT, LA US","1995-08","0","31","30","0.0","86.5","98.2","74.9"
"USW00013957","SHREVEPORT REGIONAL AIRPORT, LA US","1995-09","0","29","18","0.0","77.3","89.0","65.5"
"USW00013957","SHREVEPORT REGIONAL AIRPORT, LA US","1995-10","0","30","1","0.0","66.1","79.3","53.0"
"USW00013957","SHREVEPORT REGIONAL AIRPORT, LA US","1995-11","0","15","0","0.0","54.9","67.5","42.4"
"USW00013957","SHREVEPORT REGIONAL AIRPORT, LA US","1995-12","0","9","0","0.0","49.0","58.1","40.0"
"USW00013957","SHREVEPORT REGIONAL AIRPORT, LA US","1996-01","0","7","0","0.0","46.3","58.2","34.3"
"USW00013957","SHREVEPORT REGIONAL AIRPORT, LA US","1996-02","3","15","0","0.4","52.4","64.0","40.8"
"USW00013957","SHREVEPORT REGIONAL AIRPORT, LA US","1996-03","0","13","0","0.0","53.4","65.5","41.3"
"USW00013957","SHREVEPORT REGIONAL AIRPORT, LA US","1996-04","0","26","0",,"63.7","76.7","50.8"
"USW00013957","SHREVEPORT REGIONAL AIRPORT, LA US","1996-05","0","31","10","0.0","77.0","86.4","67.5"
"USW00013957","SHREVEPORT REGIONAL AIRPORT, LA US","1996-06","0","30","12","0.0","78.2","87.5","68.9"
"USW00013957","SHREVEPORT REGIONAL AIRPORT, LA US","1996-07","0","31","22","0.0","82.3","91.4","73.1"
"USW00013957","SHREVEPORT REGIONAL AIRPORT, LA US","1996-08","0","31","17","0.0","79.9","88.6","71.3"
"USW00013957","SHREVEPORT REGIONAL AIRPORT, LA US","1996-09","0","29","6","0.0","74.1","84.5","63.7"
"USW00013957","SHREVEPORT REGIONAL AIRPORT, LA US","1996-10","0","28","0","0.0","65.9","77.1","54.8"
"USW00013957","SHREVEPORT REGIONAL AIRPORT, LA US","1996-11","0","12","0","0.0","55.7","65.6","45.8"
"USW00013957","SHREVEPORT REGIONAL AIRPORT, LA US","1996-12","0","11","0","0.3","51.5","61.5","41.5"
"USW00013957","SHREVEPORT REGIONAL AIRPORT, LA US","1997-01","2","8","0","0.1","45.6","54.8","36.4"
"USW00013957","SHREVEPORT REGIONAL AIRPORT, LA US","1997-02","0","6","0","0.0","51.2","60.0","42.4"
"USW00013957","SHREVEPORT REGIONAL AIRPORT, LA US","1997-03","0","21","0","0.0","61.3","71.8","50.8"
"USW00013957","SHREVEPORT REGIONAL AIRPORT, LA US","1997-04","0","21","0","0.0","60.3","70.7","49.9"
"USW00013957","SHREVEPORT REGIONAL AIRPORT, LA US","1997-05","0","31","0","0.0","70.3","80.4","60.2"
"USW00013957","SHREVEPORT REGIONAL AIRPORT, LA US","1997-06","0","30","11","0.0","78.0","87.8","68.3"
"USW00013957","SHREVEPORT REGIONAL AIRPORT, LA US","1997-07","0","31","27","0.0","83.6","93.4","73.8"
"USW00013957","SHREVEPORT REGIONAL AIRPORT, LA US","1997-08","0","31","23","0.0","81.0","90.9","71.0"
"USW00013957","SHREVEPORT REGIONAL AIRPORT, LA US","1997-09","0","30","19","0.0","78.2","89.2","67.1"
"USW00013957","SHREVEPORT REGIONAL AIRPORT, LA US","1997-10","0","25","0","0.0","66.8","78.0","55.5"
"USW00013957","SHREVEPORT REGIONAL AIRPORT, LA US","1997-11","0","7","0","0.0","51.9","60.6","43.2"
"USW00013957","SHREVEPORT REGIONAL AIRPORT, LA US","1997-12","0","3","0","0.0","46.0","55.8","36.2"
"USW00013957","SHREVEPORT REGIONAL AIRPORT, LA US","1998-01","0","2","0","0.0","51.7","60.6","42.8"
"USW00013957","SHREVEPORT REGIONAL AIRPORT, LA US","1998-02","0","3","0","0.0","51.6","62.0","41.2"
"USW00013957","SHREVEPORT REGIONAL AIRPORT, LA US","1998-03","0","13","0","0.0","56.1","66.6","45.6"
"USW00013957","SHREVEPORT REGIONAL AIRPORT, LA US","1998-04","0","26","0","0.0","63.5","75.4","51.5"
"USW00013957","SHREVEPORT REGIONAL AIRPORT, LA US","1998-05","0","31","16","0.0","77.4","88.8","65.9"
"USW00013957","SHREVEPORT REGIONAL AIRPORT, LA US","1998-06","0","30","27","0.0","84.8","96.0","73.7"
"USW00013957","SHREVEPORT REGIONAL AIRPORT, LA US","1998-07","0","31","31","0.0","88.5","100.7","76.3"
"USW00013957","SHREVEPORT REGIONAL AIRPORT, LA US","1998-08","0","31","26","0.0","84.6","95.2","74.0"
"USW00013957","SHREVEPORT REGIONAL AIRPORT, LA US","1998-09","0","30","22","0.0","81.7","91.2","72.2"
"USW00013957","SHREVEPORT REGIONAL AIRPORT, LA US","1998-10","0","27","1","0.0","68.4","78.3","58.6"
"USW00013957","SHREVEPORT REGIONAL AIRPORT, LA US","1998-11","0","15","0","0.0","58.0","66.8","49.2"
"USW00013957","SHREVEPORT REGIONAL AIRPORT, LA US","1998-12","2","7","0","0.1","49.2","58.1","40.4"
"USW00013957","SHREVEPORT REGIONAL AIRPORT, LA US","1999-01","0","11","0","0.0","51.5","62.9","40.2"
"USW00013957","SHREVEPORT REGIONAL AIRPORT, LA US","1999-02","0","15","0","0.0","56.9","68.9","45.0"
"USW00013957","SHREVEPORT REGIONAL AIRPORT, LA US","1999-03","0","13","0","0.0","56.3","66.5","46.2"
"USW00013957","SHREVEPORT REGIONAL AIRPORT, LA US","1999-04","0","27","0","0.0","69.3","80.1","58.6"
"USW00013957","SHREVEPORT REGIONAL AIRPORT, LA US","1999-05","0","31","0","0.0","72.0","82.6","61.4"
"USW00013957","SHREVEPORT REGIONAL AIRPORT, LA US","1999-06","0","30","16","0.0","79.8","89.0","70.6"
"USW00013957","SHREVEPORT REGIONAL AIRPORT, LA US","1999-07","0","31","27","0.0","82.9","92.3","73.4"
"USW00013957","SHREVEPORT REGIONAL AIRPORT, LA US","1999-08","0","31","30","0.0","85.9","98.2","73.5"
"USW00013957","SHREVEPORT REGIONAL AIRPORT, LA US","1999-09","0","30","10","0.0","75.2","86.4","64.1"
"USW00013957","SHREVEPORT REGIONAL AIRPORT, LA US","1999-10","0","26","0","0.0","65.4","78.1","52.8"
"USW00013957","SHREVEPORT REGIONAL AIRPORT, LA US","1999-11","0","22","0","0.0","58.7","72.5","45.0"
"USW00013957","SHREVEPORT REGIONAL AIRPORT, LA US","1999-12","0","5","0","0.0","49.6","61.9","37.3"
"USW00013957","SHREVEPORT REGIONAL AIRPORT, LA US","2000-01","1","11","0","1.1","50.4","60.2","40.6"
"USW00013957","SHREVEPORT REGIONAL AIRPORT, LA US","2000-02","0","18","0","0.0","57.2","69.4","45.0"
"USW00013957","SHREVEPORT REGIONAL AIRPORT, LA US","2000-03","0","20","0","0.0","61.7","72.2","51.2"
"USW00013957","SHREVEPORT REGIONAL AIRPORT, LA US","2000-04","0","21","0","0.0","63.6","74.3","52.8"
"USW00013957","SHREVEPORT REGIONAL AIRPORT, LA US","2000-05","0","30","8","0.0","75.8","85.0","66.6"
"USW00013957","SHREVEPORT REGIONAL AIRPORT, LA US","2000-06","0","30","12","0.0","79.1","87.5","70.7"
"USW00013957","SHREVEPORT REGIONAL AIRPORT, LA US","2000-07","0","31","28","0.0","83.9","94.4","73.4"
"USW00013957","SHREVEPORT REGIONAL AIRPORT, LA US","2000-08","0","31","31","0.0","86.9","100.2","73.6"
"USW00013957","SHREVEPORT REGIONAL AIRPORT, LA US","2000-09","0","29","17","0.0","78.1","91.0","65.2"
"USW00013957","SHREVEPORT REGIONAL AIRPORT, LA US","2000-10","0","27","3","0.0","67.8","80.1","55.4"
"USW00013957","SHREVEPORT REGIONAL AIRPORT, LA US","2000-11","0","9","0","0.0","52.6","61.4","43.8"
"USW00013957","SHREVEPORT REGIONAL AIRPORT, LA US","2000-12","1","2","0","2.2","39.7","48.0","31.5"
"USW00013957","SHREVEPORT REGIONAL AIRPORT, LA US","2001-01","0","1","0","0.0","43.4","52.6","34.2"
"USW00013957","SHREVEPORT REGIONAL AIRPORT, LA US","2001-02","0","11","0","0.0","53.2","63.3","43.1"
"USW00013957","SHREVEPORT REGIONAL AIRPORT, LA US","2001-03","0","8","0","0.0","53.4","62.4","44.4"
"USW00013957","SHREVEPORT REGIONAL AIRPORT, LA US","2001-04","0","28","0","0.0","69.2","79.8","58.5"
"USW00013957","SHREVEPORT REGIONAL AIRPORT, LA US","2001-05","0","31","2","0.0","74.6","85.5","63.7"
"USW00013957","SHREVEPORT REGIONAL AIRPORT, LA US","2001-06","0","30","15","0.0","79.0","88.8","69.2"
"USW00013957","SHREVEPORT REGIONAL AIRPORT, LA US","2001-07","0","31","28","0.0","84.5","94.0","74.9"
"USW00013957","SHREVEPORT REGIONAL AIRPORT, LA US","2001-08","0","31","24","0.0","82.2","91.5","73.0"
"USW00013957","SHREVEPORT REGIONAL AIRPORT, LA US","2001-09","0","30","6","0.0","74.6","83.4","65.7"
"USW00013957","SHREVEPORT REGIONAL AIRPORT, LA US","2001-10","0","25","0","0.0","63.2","75.7","50.8"
"USW00013957","SHREVEPORT REGIONAL AIRPORT, LA US","2001-11","0","22","0","0.0","59.6","71.2","48.0"
"USW00013957","SHREVEPORT REGIONAL AIRPORT, LA US","2001-12","0","6","0","0.0","51.1","61.3","40.8"
"USW00013957","SHREVEPORT REGIONAL AIRPORT, LA US","2002-01","0","8","0","0.0","48.9","60.5","37.3"
"USW00013957","SHREVEPORT REGIONAL AIRPORT, LA US","2002-02","0","2","0","0.0","47.0","58.4","35.6"
"USW00013957","SHREVEPORT REGIONAL AIRPORT, LA US","2002-03","0","14","0","0.0","55.4","66.0","44.8"
"USW00013957","SHREVEPORT REGIONAL AIRPORT, LA US","2002-04","0","24","3","0.0","69.1","79.1","59.2"
"USW00013957","SHREVEPORT REGIONAL AIRPORT, LA US","2002-05","0","31","3","0.0","72.9","83.0","62.9"
"USW00013957","SHREVEPORT REGIONAL AIRPORT, LA US","2002-06","0","30","20","0.0","79.7","90.0","69.4"
"USW00013957","SHREVEPORT REGIONAL AIRPORT, LA US","2002-07","0","31","25","0.0","83.1","92.7","73.6"
"USW00013957","SHREVEPORT REGIONAL AIRPORT, LA US","2002-08","0","31","27","0.0","83.6","93.9","73.3"
"USW00013957","SHREVEPORT REGIONAL AIRPORT, LA US","2002-09","0","30","18","0.0","79.6","90.1","69.2"
"USW00013957","SHREVEPORT REGIONAL AIRPORT, LA US","2002-10","0","20","4","0.0","66.6","74.3","58.9"
"USW00013957","SHREVEPORT REGIONAL AIRPORT, LA US","2002-11","0","8","0","0.0","53.0","64.0","42.0"
"USW00013957","SHREVEPORT REGIONAL AIRPORT, LA US","2002-12","0","5","0","0.0","48.2","58.1","38.3"
"USW00013957","SHREVEPORT REGIONAL AIRPORT, LA US","2003-01","0","4","0","0.0","45.4","55.7","35.0"
"USW00013957","SHREVEPORT REGIONAL AIRPORT, LA US","2003-02","0","4","0","0.0","47.5","55.6","39.4"
"USW00013957","SHREVEPORT REGIONAL AIRPORT, LA US","2003-03","0","15","0","0.0","56.4","67.3","45.6"
"USW00013957","SHREVEPORT REGIONAL AIRPORT, LA US","2003-04","0","28","0","0.0","66.4","78.3","54.5"
"USW00013957","SHREVEPORT REGIONAL AIRPORT, LA US","2003-05","0","31","6","0.0","75.6","85.1","66.0"
"USW00013957","SHREVEPORT REGIONAL AIRPORT, LA US","2003-06","0","30","12","0.0","78.9","87.8","69.9"
"USW00013957","SHREVEPORT REGIONAL AIRPORT, LA US","2003-07","0","31","28","0.0","82.5","92.4","72.6"
"USW00013957","SHREVEPORT REGIONAL AIRPORT, LA US","2003-08","0","31","27","0.0","83.6","93.2","74.0"
"USW00013957","SHREVEPORT REGIONAL AIRPORT, LA US","2003-09","0","30","4","0.0","75.4","85.4","65.5"
"USW00013957","SHREVEPORT REGIONAL AIRPORT, LA US","2003-10","0","29","1","0.0","67.9","79.6","56.2"
"USW00013957","SHREVEPORT REGIONAL AIRPORT, LA US","2003-11","0","19","0","0.0","59.7","71.1","48.3"
"USW00013957","SHREVEPORT REGIONAL AIRPORT, LA US","2003-12","0","3","0","0.0","48.1","60.8","35.4"
"USW00013957","SHREVEPORT REGIONAL AIRPORT, LA US","2004-01","0","7","0","0.0","48.3","58.1","38.6"
"USW00013957","SHREVEPORT REGIONAL AIRPORT, LA US","2004-02","0","2","0","0.0","46.7","55.5","37.9"
"USW00013957","SHREVEPORT REGIONAL AIRPORT, LA US","2004-03","0","24","0","0.0","62.5","72.8","52.2"
"USW00013957","SHREVEPORT REGIONAL AIRPORT, LA US","2004-04","0","25","0","0.0","65.4","76.3","54.5"
"USW00013957","SHREVEPORT REGIONAL AIRPORT, LA US","2004-05","0","30","1","0.0","74.5","83.8","65.1"
"USW00013957","SHREVEPORT REGIONAL AIRPORT, LA US","2004-06","0","30","11","0.0","78.9","87.3","70.6"
"USW00013957","SHREVEPORT REGIONAL AIRPORT, LA US","2004-07","0","31","26","0.0","82.2","91.5","72.9"
"USW00013957","SHREVEPORT REGIONAL AIRPORT, LA US","2004-08","0","31","20","0.0","80.2","91.0","69.4"
"USW00013957","SHREVEPORT REGIONAL AIRPORT, LA US","2004-09","0","30","13","0.0","78.3","89.0","67.7"
"USW00013957","SHREVEPORT REGIONAL AIRPORT, LA US","2004-10","0","29","1","0.0","73.3","81.6","65.0"
"USW00013957","SHREVEPORT REGIONAL AIRPORT, LA US","2004-11","0","10","0","0.0","58.5","67.1","50.0"
"USW00013957","SHREVEPORT REGIONAL AIRPORT, LA US","2004-12","0","6","0","0.0","48.8","60.3","37.4"
"USW00013957","SHREVEPORT REGIONAL AIRPORT, LA US","2005-01","0","11","0","0.0","51.0","60.1","41.8"
"USW00013957","SHREVEPORT REGIONAL AIRPORT, LA US","2005-02","0","6","0","0.0","53.7","62.2","45.2"
"USW00013957","SHREVEPORT REGIONAL AIRPORT, LA US","2005-03","0","14","0","0.0","58.1","69.0","47.2"
"USW00013957","SHREVEPORT REGIONAL AIRPORT, LA US","2005-04","0","26","0","0.0","64.9","76.4","53.4"
"USW00013957","SHREVEPORT REGIONAL AIRPORT, LA US","2005-05","0","30","5","0.0","72.9","84.5","61.3"
"USW00013957","SHREVEPORT REGIONAL AIRPORT, LA US","2005-06","0","30","27","0.0","82.3","94.0","70.6"
"USW00013957","SHREVEPORT REGIONAL AIRPORT, LA US","2005-07","0","31","28","0.0","84.1","94.1","74.2"
"USW00013957","SHREVEPORT REGIONAL AIRPORT, LA US","2005-08","0","31","31","0.0","86.0","97.8","74.3"
"USW00013957","SHREVEPORT REGIONAL AIRPORT, LA US","2005-09","0","30","26","0.0","83.3","95.2","71.4"
"USW00013957","SHREVEPORT REGIONAL AIRPORT, LA US","2005-10","0","27","6","0.0","67.5","80.0","55.1"
"USW00013957","SHREVEPORT REGIONAL AIRPORT, LA US","2005-11","0","18","0","0.0","60.6","72.0","49.3"
"USW00013957","SHREVEPORT REGIONAL AIRPORT, LA US","2005-12","0","7","0","0.0","48.8","60.5","37.1"
"USW00013957","SHREVEPORT REGIONAL AIRPORT, LA US","2006-01","0","13","0","0.0","54.9","67.0","42.8"
"USW00013957","SHREVEPORT REGIONAL AIRPORT, LA US","2006-02","1","6","0","0.0","48.6","58.9","38.4"
"USW00013957","SHREVEPORT REGIONAL AIRPORT, LA US","2006-03","0","19","0","0.0","61.1","71.7","50.6"
"USW00013957","SHREVEPORT REGIONAL AIRPORT, LA US","2006-04","0","29","3","0.0","70.8","82.0","59.6"
"USW00013957","SHREVEPORT REGIONAL AIRPORT, LA US","2006-05","0","31","10","0.0","75.4","85.8","65.0"
"USW00013957","SHREVEPORT REGIONAL AIRPORT, LA US","2006-06","0","30","25","0.0","81.0","92.0","70.1"
"USW00013957","SHREVEPORT REGIONAL AIRPORT, LA US","2006-07","0","31","30","0.0","85.3","96.1","74.6"
"USW00013957","SHREVEPORT REGIONAL AIRPORT, LA US","2006-08","0","31","29","0.0","86.3","97.3","75.4"
"USW00013957","SHREVEPORT REGIONAL AIRPORT, LA US","2006-09","0","30","18","0.0","77.1","89.7","64.5"
"USW00013957","SHREVEPORT REGIONAL AIRPORT, LA US","2006-10","0","26","6","0.0","67.1","79.1","55.0"
"USW00013957","SHREVEPORT REGIONAL AIRPORT, LA US","2006-11","0","18","0","0.0","57.7","70.2","45.2"
"USW00013957","SHREVEPORT REGIONAL AIRPORT, LA US","2006-12","0","5","0","0.0","51.3","61.0","41.5"
"USW00013957","SHREVEPORT REGIONAL AIRPORT, LA US","2007-01","0","4","0","0.1","46.8","55.5","38.1"
"USW00013957","SHREVEPORT REGIONAL AIRPORT, LA US","2007-02","0","9","0","0.0","50.6","61.7","39.5"
"USW00013957","SHREVEPORT REGIONAL AIRPORT, LA US","2007-03","0","27","0","0.0","64.2","75.8","52.6"
"USW00013957","SHREVEPORT REGIONAL AIRPORT, LA US","2007-04","0","22","0","0.0","63.4","74.6","52.1"
"USW00013957","SHREVEPORT REGIONAL AIRPORT, LA US","2007-05","0","31","4","0.0","75.1","84.9","65.3"
"USW00013957","SHREVEPORT REGIONAL AIRPORT, LA US","2007-06","0","30","21","0.0","81.3","90.7","71.9"
"USW00013957","SHREVEPORT REGIONAL AIRPORT, LA US","2007-07","0","31","18","0.0","81.4","89.4","73.4"
"USW00013957","SHREVEPORT REGIONAL AIRPORT, LA US","2007-08","0","31","31","0.0","86.3","96.5","76.1"
"USW00013957","SHREVEPORT REGIONAL AIRPORT, LA US","2007-09","0","30","24","0.0","80.3","90.9","69.8"
"USW00013957","SHREVEPORT REGIONAL AIRPORT, LA US","2007-10","0","29","8","0.0","69.7","81.8","57.6"
"USW00013957","SHREVEPORT REGIONAL AIRPORT, LA US","2007-11","0","18","0","0.0","58.5","69.2","47.8"
"USW00013957","SHREVEPORT REGIONAL AIRPORT, LA US","2007-12","0","14","0","0.0","51.8","63.4","40.1"
"USW00013957","SHREVEPORT REGIONAL AIRPORT, LA US","2008-01","0","5","0","0.0","45.4","55.1","35.8"
"USW00013957","SHREVEPORT REGIONAL AIRPORT, LA US","2008-02","0","12","0","0.0","52.9","66.1","39.6"
"USW00013957","SHREVEPORT REGIONAL AIRPORT, LA US","2008-03","0","21","0","0.0","59.8","71.7","47.9"
"USW00013957","SHREVEPORT REGIONAL AIRPORT, LA US","2008-04","0","23","0","0.0","64.8","76.1","53.5"
"USW00013957","SHREVEPORT REGIONAL AIRPORT, LA US","2008-05","0","31","8","0.0","73.2","83.6","62.7"
"USW00013957","SHREVEPORT REGIONAL AIRPORT, LA US","2008-06","0","30","25","0.0","81.2","91.2","71.3"
"USW00013957","SHREVEPORT REGIONAL AIRPORT, LA US","2008-07","0","31","30","0.0","84.2","95.8","72.6"
"USW00013957","SHREVEPORT REGIONAL AIRPORT, LA US","2008-08","0","31","22","0.0","82.6","91.7","73.5"
"USW00013957","SHREVEPORT REGIONAL AIRPORT, LA US","2008-09","0","30","1","0.0","74.6","83.6","65.5"
"USW00013957","SHREVEPORT REGIONAL AIRPORT, LA US","2008-10","0","28","0","0.0","65.0","77.5","52.5"
"USW00013957","SHREVEPORT REGIONAL AIRPORT, LA US","2008-11","0","14","0","0.0","54.9","66.5","43.3"
"USW00013957","SHREVEPORT REGIONAL AIRPORT, LA US","2008-12","1","9","0","0.0","48.2","59.5","36.9"
"USW00013957","SHREVEPORT REGIONAL AIRPORT, LA US","2009-01","0","7","0","0.0","47.8","59.8","35.7"
"USW00013957","SHREVEPORT REGIONAL AIRPORT, LA US","2009-02","0","10","0","0.0","54.3","65.7","42.9"
"USW00013957","SHREVEPORT REGIONAL AIRPORT, LA US","2009-03","0","19","0","0.0","58.0","69.1","46.9"
"USW00013957","SHREVEPORT REGIONAL AIRPORT, LA US","2009-04","0","25","0","0.0","64.2","75.1","53.2"
"USW00013957","SHREVEPORT REGIONAL AIRPORT, LA US","2009-05","0","31","1","0.0","73.0","82.5","63.6"
"USW00013957","SHREVEPORT REGIONAL AIRPORT, LA US","2009-06","0","30","20","0.0","81.4","92.1","70.7"
"USW00013957","SHREVEPORT REGIONAL AIRPORT, LA US","2009-07","0","31","23","0.0","83.9","94.5","73.4"
"USW00013957","SHREVEPORT REGIONAL AIRPORT, LA US","2009-08","0","31","22","0.0","81.4","91.2","71.7"
"USW00013957","SHREVEPORT REGIONAL AIRPORT, LA US","2009-09","0","30","8","0.0","75.9","84.6","67.2"
"USW00013957","SHREVEPORT REGIONAL AIRPORT, LA US","2009-10","0","19","1","0.0","63.1","72.5","53.7"
"USW00013957","SHREVEPORT REGIONAL AIRPORT, LA US","2009-11","0","19","0","0.0","58.0","69.6","46.5"
"USW00013957","SHREVEPORT REGIONAL AIRPORT, LA US","2009-12","0","0","0","0.0","44.9","53.8","35.9"
"USW00013957","SHREVEPORT REGIONAL AIRPORT, LA US","2010-01","1","3","0","0.3","43.9","54.4","33.3"
"USW00013957","SHREVEPORT REGIONAL AIRPORT, LA US","2010-02","0","1","0","5.4","42.9","52.3","33.6"
"USW00013957","SHREVEPORT REGIONAL AIRPORT, LA US","2010-03","0","12","0","0.1","54.6","67.2","42.1"
"USW00013957","SHREVEPORT REGIONAL AIRPORT, LA US","2010-04","0","27","0","0.0","67.0","79.0","55.1"
"USW00013957","SHREVEPORT REGIONAL AIRPORT, LA US","2010-05","0","30","18","0.0","77.4","89.2","65.6"
"USW00013957","SHREVEPORT REGIONAL AIRPORT, LA US","2010-06","0","30","26","0.0","84.7","94.9","74.5"
"USW00013957","SHREVEPORT REGIONAL AIRPORT, LA US","2010-07","0","31","24","0.0","83.9","92.9","74.9"
"USW00013957","SHREVEPORT REGIONAL AIRPORT, LA US","2010-08","0","31","31","0.0","87.8","98.9","76.6"
"USW00013957","SHREVEPORT REGIONAL AIRPORT, LA US","2010-09","0","30","26","0.0","81.7","94.6","68.9"
"USW00013957","SHREVEPORT REGIONAL AIRPORT, LA US","2010-10","0","30","3","0.0","67.8","83.3","52.4"
"USW00013957","SHREVEPORT REGIONAL AIRPORT, LA US","2010-11","0","15","0","0.0","56.9","68.3","45.5"
"USW00013957","SHREVEPORT REGIONAL AIRPORT, LA US","2010-12","0","6","0","0.0","48.0","59.1","36.8"
"USW00013957","SHREVEPORT REGIONAL AIRPORT, LA US","2011-01","0","3","0","1.0","44.5","53.7","35.3"
"USW00013957","SHREVEPORT REGIONAL AIRPORT, LA US","2011-02","3","14","0","4.0","50.5","61.8","39.2"
"USW00013957","SHREVEPORT REGIONAL AIRPORT, LA US","2011-03","0","17","0","0.0","60.3","72.2","48.4"
"USW00013957","SHREVEPORT REGIONAL AIRPORT, LA US","2011-04","0","29","3","0.0","70.8","83.3","58.3"
"USW00013957","SHREVEPORT REGIONAL AIRPORT, LA US","2011-05","0","30","11","0.0","73.4","84.5","62.3"
"USW00013957","SHREVEPORT REGIONAL AIRPORT, LA US","2011-06","0","30","28","0.0","85.4","97.6","73.3"
"USW00013957","SHREVEPORT REGIONAL AIRPORT, LA US","2011-07","0","31","31","0.0","88.1","99.6","76.5"
"USW00013957","SHREVEPORT REGIONAL AIRPORT, LA US","2011-08","0","31","31","0.0","91.5","104.4","78.7"
"USW00013957","SHREVEPORT REGIONAL AIRPORT, LA US","2011-09","0","30","19","0.0","78.6","92.5","64.8"
"USW00013957","SHREVEPORT REGIONAL AIRPORT, LA US","2011-10","0","28","4","0.0","67.4","82.2","52.6"
"USW00013957","SHREVEPORT REGIONAL AIRPORT, LA US","2011-11","0","14","0","0.0","58.8","69.9","47.7"
"USW00013957","SHREVEPORT REGIONAL AIRPORT, LA US","2011-12","0","2","0","0.0","48.8","58.3","39.3"
"USW00013957","SHREVEPORT REGIONAL AIRPORT, LA US","2012-01","0","13","0","0.0","53.5","65.9","41.1"
"USW00013957","SHREVEPORT REGIONAL AIRPORT, LA US","2012-02","0","9","0","0.0","55.5","64.3","46.8"
"USW00013957","SHREVEPORT REGIONAL AIRPORT, LA US","2012-03","0","26","0","0.0","67.3","78.3","56.3"
"USW00013957","SHREVEPORT REGIONAL AIRPORT, LA US","2012-04","0","29","0","0.0","69.3","80.1","58.6"
"USW00013957","SHREVEPORT REGIONAL AIRPORT, LA US","2012-05","0","31","13","0.0","76.6","87.4","65.8"
"USW00013957","SHREVEPORT REGIONAL AIRPORT, LA US","2012-06","0","30","24","0.0","82.3","93.4","71.2"
"USW00013957","SHREVEPORT REGIONAL AIRPORT, LA US","2012-07","0","31","26","0.0","84.1","93.6","74.6"
"USW00013957","SHREVEPORT REGIONAL AIRPORT, LA US","2012-08","0","31","28","0.0","83.6","94.1","73.1"
"USW00013957","SHREVEPORT REGIONAL AIRPORT, LA US","2012-09","0","29","16","0.0","77.6","88.9","66.2"
"USW00013957","SHREVEPORT REGIONAL AIRPORT, LA US","2012-10","0","25","0","0.0","65.4","77.1","53.7"
"USW00013957","SHREVEPORT REGIONAL AIRPORT, LA US","2012-11","0","16","0","0.0","56.7","70.0","43.5"
"USW00013957","SHREVEPORT REGIONAL AIRPORT, LA US","2012-12","0","12","0","0.0","52.7","63.0","42.3"
"USW00013957","SHREVEPORT REGIONAL AIRPORT, LA US","2013-01","0","6","0","0.1","49.4","59.1","39.6"
"USW00013957","SHREVEPORT REGIONAL AIRPORT, LA US","2013-02","0","4","0","0.0","51.3","61.7","41.0"
"USW00013957","SHREVEPORT REGIONAL AIRPORT, LA US","2013-03","0","13","0","0.0","55.4","67.6","43.1"
"USW00013957","SHREVEPORT REGIONAL AIRPORT, LA US","2013-04","0","25","0","0.0","63.8","76.2","51.4"
"USW00013957","SHREVEPORT REGIONAL AIRPORT, LA US","2013-05","0","29","4","0.0","72.2","82.9","61.5"
"USW00013957","SHREVEPORT REGIONAL AIRPORT, LA US","2013-06","0","30","21","0.0","81.3","91.1","71.6"
"USW00013957","SHREVEPORT REGIONAL AIRPORT, LA US","2013-07","0","31","25","0.0","82.0","92.9","71.1"
"USW00013957","SHREVEPORT REGIONAL AIRPORT, LA US","2013-08","0","31","29","0.0","85.0","97.0","73.0"
"USW00013957","SHREVEPORT REGIONAL AIRPORT, LA US","2013-09","0","30","24","0.0","81.8","93.9","69.7"
"USW00013957","SHREVEPORT REGIONAL AIRPORT, LA US","2013-10","0","28","0","0.0","67.7","77.9","57.5"
"USW00013957","SHREVEPORT REGIONAL AIRPORT, LA US","2013-11","0","10","0","0.0","52.8","63.3","42.4"
"USW00013957","SHREVEPORT REGIONAL AIRPORT, LA US","2013-12","0","8","0","0.0","47.1","57.0","37.3"
"USW00013957","SHREVEPORT REGIONAL AIRPORT, LA US","2014-01","0","2","0","0.0","43.6","56.6","30.6"
"USW00013957","SHREVEPORT REGIONAL AIRPORT, LA US","2014-02","0","9","0","1.0","47.8","58.0","37.6"
"USW00013957","SHREVEPORT REGIONAL AIRPORT, LA US","2014-03","0","12","0","0.0","54.8","66.6","43.0"
"USW00013957","SHREVEPORT REGIONAL AIRPORT, LA US","2014-04","0","23","1","0.0","64.5","75.9","53.1"
"USW00013957","SHREVEPORT REGIONAL AIRPORT, LA US","2014-05","0","29","1","0.0","72.0","83.0","61.1"
"USW00013957","SHREVEPORT REGIONAL AIRPORT, LA US","2014-06","0","30","17","0.0","80.3","88.9","71.8"
"USW00013957","SHREVEPORT REGIONAL AIRPORT, LA US","2014-07","0","31","21","0.0","80.5","89.9","71.0"
"USW00013957","SHREVEPORT REGIONAL AIRPORT, LA US","2014-08","0","31","28","0.0","83.0","93.2","72.8"
"USW00013957","SHREVEPORT REGIONAL AIRPORT, LA US","2014-09","0","29","17","0.0","79.5","90.4","68.6"
"USW00013957","SHREVEPORT REGIONAL AIRPORT, LA US","2014-10","0","31","2","0.0","69.0","81.0","56.9"
"USW00013957","SHREVEPORT REGIONAL AIRPORT, LA US","2014-11","0","9","0","0.0","52.4","63.0","41.9"
"USW00013957","SHREVEPORT REGIONAL AIRPORT, LA US","2014-12","0","6","0","0.0","50.6","58.5","42.7"
"USW00013957","SHREVEPORT REGIONAL AIRPORT, LA US","2015-01","0","4","0","0.0","45.1","55.8","34.5"
"USW00013957","SHREVEPORT REGIONAL AIRPORT, LA US","2015-02","0","7","0","4.1","45.2","55.3","35.1"
"USW00013957","SHREVEPORT REGIONAL AIRPORT, LA US","2015-03","0","11","0","0.4","57.4","66.3","48.5"
"USW00013957","SHREVEPORT REGIONAL AIRPORT, LA US","2015-04","0","26","1","0.0","68.3","78.0","58.5"
"USW00013957","SHREVEPORT REGIONAL AIRPORT, LA US","2015-05","0","31","1","0.0","74.6","83.9","65.4"
"USW00013957","SHREVEPORT REGIONAL AIRPORT, LA US","2015-06","0","30","21","0.0","82.0","91.4","72.6"
"USW00013957","SHREVEPORT REGIONAL AIRPORT, LA US","2015-07","0","31","31","0.0","86.1","96.1","76.2"
"USW00013957","SHREVEPORT REGIONAL AIRPORT, LA US","2015-08","0","31","27","0.0","84.9","96.3","73.5"
"USW00013957","SHREVEPORT REGIONAL AIRPORT, LA US","2015-09","0","30","24","0.0","81.0","93.1","68.9"
"USW00013957","SHREVEPORT REGIONAL AIRPORT, LA US","2015-10","0","28","7","0.0","70.5","82.0","59.0"
"USW00013957","SHREVEPORT REGIONAL AIRPORT, LA US","2015-11","0","16","0","0.0","60.6","69.5","51.6"
"USW00013957","SHREVEPORT REGIONAL AIRPORT, LA US","2015-12","0","15","0","0.0","56.2","67.3","45.0"
"USW00013957","SHREVEPORT REGIONAL AIRPORT, LA US","2016-01","0","5","0","0.0","47.9","58.6","37.3"
"USW00013957","SHREVEPORT REGIONAL AIRPORT, LA US","2016-02","0","12","0","0.0","54.9","66.7","43.1"
"USW00013957","SHREVEPORT REGIONAL AIRPORT, LA US","2016-03","0","24","0","0.0","62.9","73.9","51.9"
"USW00013957","SHREVEPORT REGIONAL AIRPORT, LA US","2016-04","0","27","0","0.0","67.9","78.6","57.3"
"USW00013957","SHREVEPORT REGIONAL AIRPORT, LA US","2016-05","0","31","2","0.0","73.1","82.8","63.4"
"USW00013957","SHREVEPORT REGIONAL AIRPORT, LA US","2016-06","0","30","24","0.0","82.4","91.4","73.4"
"USW00013957","SHREVEPORT REGIONAL AIRPORT, LA US","2016-07","0","31","30","0.0","85.7","95.8","75.5"
"USW00013957","SHREVEPORT REGIONAL AIRPORT, LA US","2016-08","0","31","22","0.0","84.3","93.0","75.6"
"USW00013957","SHREVEPORT REGIONAL AIRPORT, LA US","2016-09","0","30","22","0.0","80.7","90.9","70.5"
"USW00013957","SHREVEPORT REGIONAL AIRPORT, LA US","2016-10","0","31","5","0.0","72.1","85.0","59.3"
"USW00013957","SHREVEPORT REGIONAL AIRPORT, LA US","2016-11","0","23","0","0.0","61.5","73.6","49.4"
"USW00013957","SHREVEPORT REGIONAL AIRPORT, LA US","2016-12","0","7","0","0.0","52.7","61.5","43.9"
"USW00013957","SHREVEPORT REGIONAL AIRPORT, LA US","2017-01","0","15","0","0.0","55.3","65.0","45.5"
"USW00013957","SHREVEPORT REGIONAL AIRPORT, LA US","2017-02","0","17","0","0.0","60.8","71.5","50.1"
"USW00013957","SHREVEPORT REGIONAL AIRPORT, LA US","2017-03","0","22","0","0.0","63.7","75.3","52.1"
"USW00013957","SHREVEPORT REGIONAL AIRPORT, LA US","2017-04","0","29","0","0.0","68.9","80.7","57.1"
"USW00013957","SHREVEPORT REGIONAL AIRPORT, LA US","2017-05","0","30","3","0.0","71.5","82.6","60.4"
"USW00013957","SHREVEPORT REGIONAL AIRPORT, LA US","2017-06","0","30","14","0.0","79.6","88.3","71.0"
"USW00013957","SHREVEPORT REGIONAL AIRPORT, LA US","2017-07","0","31","31","0.0","83.9","93.9","74.0"
"USW00013957","SHREVEPORT REGIONAL AIRPORT, LA US","2017-08","0","31","19","0.0","81.6","89.4","73.7"
"USW00013957","SHREVEPORT REGIONAL AIRPORT, LA US","2017-09","0","30","17","0.0","77.2","88.4","66.0"
"USW00013957","SHREVEPORT REGIONAL AIRPORT, LA US","2017-10","0","28","4","0.0","68.2","80.9","55.5"
"USW00013957","SHREVEPORT REGIONAL AIRPORT, LA US","2017-11","0","20","0","0.0","61.1","72.6","49.5"
"USW00013957","SHREVEPORT REGIONAL AIRPORT, LA US","2017-12","0","9","0","0.0","48.5","58.8","38.2"
"USW00013957","SHREVEPORT REGIONAL AIRPORT, LA US","2018-01","2","3","0","1.8","43.5","55.0","32.0"
"USW00013957","SHREVEPORT REGIONAL AIRPORT, LA US","2018-02","0","10","0","0.0","54.8","63.4","46.3"
"USW00013957","SHREVEPORT REGIONAL AIRPORT, LA US","2018-03","0","24","0","0.0","62.1","73.7","50.5"
"USW00013957","SHREVEPORT REGIONAL AIRPORT, LA US","2018-04","0","20","0","0.0","61.9","74.3","49.4"
"USW00013957","SHREVEPORT REGIONAL AIRPORT, LA US","2018-05","0","31","18","0.0","78.4","89.6","67.2"
"USW00013957","SHREVEPORT REGIONAL AIRPORT, LA US","2018-06","0","30","28","0.0","83.8","94.0","73.6"
"USW00013957","SHREVEPORT REGIONAL AIRPORT, LA US","2018-07","0","31","31","0.0","86.4","97.7","75.1"
"USW00013957","SHREVEPORT REGIONAL AIRPORT, LA US","2018-08","0","31","29","0.0","84.4","96.0","72.7"
"USW00013957","SHREVEPORT REGIONAL AIRPORT, LA US","2018-09","0","30","16","0.0","79.8","87.8","71.8"
"USW00013957","SHREVEPORT REGIONAL AIRPORT, LA US","2018-10","0","22","5","0.0","68.4","77.6","59.2"
"USW00013957","SHREVEPORT REGIONAL AIRPORT, LA US","2018-11","0","8","0","0.0","52.0","62.1","42.0"
"USW00013957","SHREVEPORT REGIONAL AIRPORT, LA US","2018-12","0","2","0","0.0","49.4","57.6","41.2"
